Symbol,Name,Sector,Price,Price/Earnings,Dividend Yield,Earnings/Share,52 Week Low,52 Week High,Market Cap,EBITDA,Price/Sales,Price/Book,SEC Filings
产险-保险-1,产险-核保政策风险-55,保险风险,235678.9,21.286713,0.0199,7.15,75.652176,155,235678.9,8117000192,2.5520616,17.855467,http://www.sec.gov/cgi-bin/browse-edgar?action=getcompany&CIK=MMM
寿险-信用-2,寿险-贷款客户违约风险-12,信用风险,87654321.56,18.539946,0.0196,3.63,66.76,92.45,87654321.56,809100032,2.5060778,5.091157,http://www.sec.gov/cgi-bin/browse-edgar?action=getcompany&CIK=AOS
养老险-战略-3,养老险-宏观经济下行风险-88,战略风险,123456.78,16.744764,0.0202,7.64,99.71,129.85,123456.78,10824999936,5.3834457,5.5757494,http://www.sec.gov/cgi-bin/browse-edgar?action=getcompany&CIK=ABT
健康险-科技-4,健康险-网络安全风险-33,科技风险,987654.32,64.3007,0.0373,2.86,153.58,207.32,987654.32,25629999104,5.8519626,53.88221,http://www.sec.gov/cgi-bin/browse-edgar?action=getcompany&CIK=ABBV
银行-合规-5,银行-违反监管规定风险-99,合规操作风险,543210.98,32.294464,0.017,11.92,278.69,387.51,543210.98,11065912320,3.7101948,8.508687,http://www.sec.gov/cgi-bin/browse-edgar?action=getcompany&CIK=ACN
产险-投资-6,产险-市场波动风险-22,投资风险,456789012.3,35.42105,,12.35,403.75,638.25,456789012.3,8134000128,9.090657,13.383815,http://www.sec.gov/cgi-bin/browse-edgar?action=getcompany&CIK=ADBE
寿险-产品-7,寿险-产品设计缺陷风险-77,产品管理风险,678901.23,105.40909,,1.1,112.8,227.3,678901.23,4479000064,7.939341,3.3023837,http://www.sec.gov/cgi-bin/browse-edgar?action=getcompany&CIK=AMD
养老险-资负-8,养老险-流动性风险-44,资负风险,3456789.01,7.6388884,0.0615,1.44,10.81,22.21,3456789.01,3334000128,0.63670605,2.3773503,http://www.sec.gov/cgi-bin/browse-edgar?action=getcompany&CIK=AES
健康险-渠道-9,健康险-代理人管理风险-66,渠道管理风险,789012.34,15.955423,0.0214,6.73,75.44,115.5,789012.34,4779250176,3.4477284,2.4075692,http://www.sec.gov/cgi-bin/browse-edgar?action=getcompany&CIK=AFL
银行-财务-10,银行-偿付能力及流动性风险-11,偿付能力及流动性风险,23456789.01,34.126125,,,124.16,155.35,23456789.01,,,,http://www.sec.gov/cgi-bin/browse-edgar?action=getcompany&CIK=A
产险-客户-11,产险-客户信息安全风险-89,客户管理风险,890123.45,19.469223,0.0214,17.22,212.24,337.775,890123.45,4296600064,6.1612473,4.380537,http://www.sec.gov/cgi-bin/browse-edgar?action=getcompany&CIK=APD
寿险-保险-12,寿险-理赔管理风险-23,保险风险,56789012.34,45.387543,,2.89,110.38,170.1,56789012.34,1672999936,7.560086,9.859441,http://www.sec.gov/cgi-bin/browse-edgar?action=getcompany&CIK=ABNB
养老险-信用-13,养老险-债券投资违约风险-56,信用风险,9012345.67,29.556213,,3.38,84.7,129.17,9012345.67,1118397952,3.7838497,3.1387458,http://www.sec.gov/cgi-bin/browse-edgar?action=getcompany&CIK=AKAM
健康险-战略-14,健康险-行业政策变动风险-1,战略风险,432109.87,,0.0189,-16.76,71.97,143.19,432109.87,-935078016,1.5219512,1.2360888,http://www.sec.gov/cgi-bin/browse-edgar?action=getcompany&CIK=ALB
银行-科技-15,银行-信息系统故障风险-45,科技风险,1098765.43,54.083332,0.051999997,1.8,94.35,130.14,1098765.43,1905123968,5.461276,0.9204281,http://www.sec.gov/cgi-bin/browse-edgar?action=getcompany&CIK=ARE
产险-合规-16,产险-内部控制失效风险-78,合规操作风险,654321.09,37.390785,,5.86,196.09,335.4,654321.09,820153984,4.1300755,4.152799,http://www.sec.gov/cgi-bin/browse-edgar?action=getcompany&CIK=ALGN
寿险-投资-17,寿险-利率风险-34,投资风险,789012345.7,20.42,0.014400001,6.5,113.27,156.1,789012345.7,888400000,3.098315,7.3441043,http://www.sec.gov/cgi-bin/browse-edgar?action=getcompany&CIK=ALLE
养老险-产品-18,养老险-产品定价风险-67,产品管理风险,234567.89,22.910507,0.0342,2.57,46.8,64.19,234567.89,1636999936,3.809518,2.168293,http://www.sec.gov/cgi-bin/browse-edgar?action=getcompany&CIK=LNT
健康险-资负-19,健康险-资本充足率风险-90,资负风险,9012345.67,12.432449,0.019,15.47,153.87,209.88,9012345.67,6192999936,0.8157605,2.7001262,http://www.sec.gov/cgi-bin/browse-edgar?action=getcompany&CIK=ALL
银行-渠道-20,银行-银行代理渠道风险-2,渠道管理风险,345678.9,27.09429,0.004,7.53,130.67,205.48,345678.9,1.2347E+11,7.377482,7.965486,http://www.sec.gov/cgi-bin/browse-edgar?action=getcompany&CIK=GOOGL
产险-财务-21,产险-税务合规风险-58,税务及核算风险,8901234.56,27.267906,0.0039,7.54,131.55,207.08,8901234.56,1.2347E+11,7.3700066,8.027174,http://www.sec.gov/cgi-bin/browse-edgar?action=getcompany&CIK=GOOG
寿险-客户-22,寿险-客户投诉处理风险-87,客户管理风险,456789.01,7.8778276,0.0775,6.63,39.25,58.04,456789.01,12216000512,4.3366394,,http://www.sec.gov/cgi-bin/browse-edgar?action=getcompany&CIK=MO
养老险-保险-23,养老险-再保险风险-11,保险风险,123456789,50.24947,,4.73,151.61,241.77,123456789,1.11583E+11,4.030144,9.640235,http://www.sec.gov/cgi-bin/browse-edgar?action=getcompany&CIK=AMZN
健康险-信用-24,健康险-交易对手信用风险-44,信用风险,567890.12,18.339624,0.0523,0.53,8.78,11.48,567890.12,1904000000,1.0400041,3.5827498,http://www.sec.gov/cgi-bin/browse-edgar?action=getcompany&CIK=AMCR
银行-战略-25,银行-市场竞争加剧风险-76,战略风险,90123.45,,,-0.94,18.38,34.5,90123.45,433000000,0.9084834,,http://www.sec.gov/cgi-bin/browse-edgar?action=getcompany&CIK=AMTM
产险-科技-26,产险-数据安全风险-3,科技风险,6789012.34,22.164705,0.028499998,4.25,67.03,96.74,6789012.34,3264000000,3.5625699,2.124732,http://www.sec.gov/cgi-bin/browse-edgar?action=getcompany&CIK=AEE
寿险-合规-27,寿险-违反监管规定风险-69,合规操作风险,234567.89,19.830645,0.0379,4.96,75.22,105.18,234567.89,7258299904,2.6723068,1.967633,http://www.sec.gov/cgi-bin/browse-edgar?action=getcompany&CIK=AEP
养老险-投资-28,养老险-流动性风险-92,投资风险,890123456.8,22.772598,0.0086,13.94,203,326.27,890123456.8,,3.7796535,7.523047,http://www.sec.gov/cgi-bin/browse-edgar?action=getcompany&CIK=AXP
健康险-产品-29,健康险-产品销售误导风险-25,产品管理风险,345678.9,14.644135,0.0212,5.03,67.96,80.83,345678.9,8501000192,1.0143012,1.0308154,http://www.sec.gov/cgi-bin/browse-edgar?action=getcompany&CIK=AIG
银行-资负-30,银行-资产负债结构失衡风险-51,资负风险,10987654.32,44.673912,0.0349,4.14,170.46,243.56,10987654.32,6966099968,7.7388453,23.732836,http://www.sec.gov/cgi-bin/browse-edgar?action=getcompany&CIK=AMT
产险-渠道-31,产险-互联网渠道风险-81,渠道管理风险,765432.1,24.681187,0.0247,5.05,113.34,150.68,765432.1,2408000000,5.380197,2.3443112,http://www.sec.gov/cgi-bin/browse-edgar?action=getcompany&CIK=AWK
寿险-财务-32,寿险-会计核算错误风险-19,税务及核算风险,4321098.76,21.795425,0.010299999,24.93,381.99,577.89,4321098.76,,2.9963448,9.243331,http://www.sec.gov/cgi-bin/browse-edgar?action=getcompany&CIK=AMP
养老险-客户-33,养老险-客户流失风险-42,客户管理风险,987654.32,32.09739,0.006,5.75,149.03,198.33,987654.32,2138388992,6.1776185,4.470064,http://www.sec.gov/cgi-bin/browse-edgar?action=getcompany&CIK=AME
健康险-保险-34,健康险-退保风险-74,保险风险,65432109.87,36.220814,0.0335,7.88,253.3,346.85,65432109.87,12247000064,4.7157645,20.38132,http://www.sec.gov/cgi-bin/browse-edgar?action=getcompany&CIK=AMGN
银行-信用-35,银行-应收保费风险-6,信用风险,2109876.54,36.864582,0.0091,1.92,51.025,79.39,2109876.54,3586299904,5.9956913,9.025759,http://www.sec.gov/cgi-bin/browse-edgar?action=getcompany&CIK=APH
产险-战略-36,产险-多元化战略执行风险-39,战略风险,87654.32,64.798164,0.0165,3.27,182.57,244.14,87654.32,4361349120,10.837489,2.9895453,http://www.sec.gov/cgi-bin/browse-edgar?action=getcompany&CIK=ADI
寿险-科技-37,寿险-新技术应用风险-98,科技风险,5432109.87,53.923077,,6.5,289.82,363.03,5432109.87,836108992,12.420753,5.257001,http://www.sec.gov/cgi-bin/browse-edgar?action=getcompany&CIK=ANSS
养老险-合规-38,养老险-内部控制失效风险-28,合规操作风险,109876.54,31.72113,0.0073,11.69,268.06,395.33,109876.54,4295000064,5.37289,12.857391,http://www.sec.gov/cgi-bin/browse-edgar?action=getcompany&CIK=AON
健康险-投资-39,健康险-集中度风险-53,投资风险,765432109.9,3.115057,0.0435,7.04,20.32,36.05,765432109.9,5047000064,0.9059674,1.5862569,http://www.sec.gov/cgi-bin/browse-edgar?action=getcompany&CIK=APA
银行-产品-40,银行-产品创新不足风险-85,产品管理风险,321098.76,37.76,0.0042,6.25,164.08,260.1,321098.76,1.34661E+11,9.1369095,62.649323,http://www.sec.gov/cgi-bin/browse-edgar?action=getcompany&CIK=AAPL
产险-资负-41,产险-利率错配风险-16,资负风险,9876543.21,21.093567,0.0086,8.55,158.96,255.89,9876543.21,8204000256,5.499513,7.8917427,http://www.sec.gov/cgi-bin/browse-edgar?action=getcompany&CIK=AMAT
寿险-渠道-42,寿险-直销渠道风险-48,渠道管理风险,654321.09,7.0056114,,8.91,51.47,85.56,654321.09,3032999936,0.74961275,1.6514537,http://www.sec.gov/cgi-bin/browse-edgar?action=getcompany&CIK=APTV
养老险-财务-43,养老险-费用及采购风险-71,费用及采购风险,210987.65,6.3485675,,14.66,80.97,116.47,210987.65,5171999744,2.1097374,1.6261313,http://www.sec.gov/cgi-bin/browse-edgar?action=getcompany&CIK=ACGL
健康险-客户-44,健康险-洗钱风险-4,客户管理风险,876543.21,14.39045,0.0379,3.56,48.4,66.08,876543.21,3988000000,0.27617267,1.0890499,http://www.sec.gov/cgi-bin/browse-edgar?action=getcompany&CIK=ADM
银行-保险-45,银行-核保政策风险-62,保险风险,54321098.76,55.39904,,2.08,60.08,133.575,54321098.76,2833341952,21.950539,3.9239259,http://www.sec.gov/cgi-bin/browse-edgar?action=getcompany&CIK=ANET
产险-信用-46,产险-贷款客户违约风险-95,信用风险,109876543.2,46.505394,0.0087,6.49,230.08,316.72,109876543.2,3382200064,7.067648,5.4349666,http://www.sec.gov/cgi-bin/browse-edgar?action=getcompany&CIK=AJG
寿险-战略-47,寿险-宏观经济下行风险-21,战略风险,76543.21,15.381701,0.0146,13.99,160.12,230.55,76543.21,1241900032,0.93881625,2.1037042,http://www.sec.gov/cgi-bin/browse-edgar?action=getcompany&CIK=AIZ
养老险-科技-48,养老险-网络安全风险-59,科技风险,4321098.76,16.142857,0.048899997,1.47,15.94,24.98,4321098.76,42773000192,1.4121547,1.6633955,http://www.sec.gov/cgi-bin/browse-edgar?action=getcompany&CIK=T
健康险-合规-49,健康险-违反监管规定风险-83,合规操作风险,98765.43,20.8653,0.023699999,6.83,110.46,152.65,98765.43,1991972992,5.416576,1.8157609,http://www.sec.gov/cgi-bin/browse-edgar?action=getcompany&CIK=ATO
银行-投资-50,银行-市场波动风险-14,投资风险,654321098.8,62.01992,,5.02,195.32,326.62,654321098.8,1396000000,11.55841,35.91832,http://www.sec.gov/cgi-bin/browse-edgar?action=getcompany&CIK=ADSK
产险-产品-51,产险-产品设计缺陷风险-47,产品管理风险,210987.65,31.629438,0.020599999,9.58,231.27,311.67,210987.65,5733100032,6.3149424,27.192858,http://www.sec.gov/cgi-bin/browse-edgar?action=getcompany&CIK=ADP
寿险-资负-52,寿险-流动性风险-73,资负风险,8765432.1,22.415428,,149.46,2672.31,3437.63,8765432.1,4338463232,3.040729,,http://www.sec.gov/cgi-bin/browse-edgar?action=getcompany&CIK=AZO
养老险-渠道-53,养老险-代理人管理风险-30,渠道管理风险,543210.98,30.260927,0.0309,7.32,169.37,239.29,543210.98,1808050944,10.767874,2.6475194,http://www.sec.gov/cgi-bin/browse-edgar?action=getcompany&CIK=AVB
健康险-财务-54,健康险-偿付能力及流动性风险-65,偿付能力及流动性风险,10987654.32,21.29931,0.0182,8.72,181.99,233.48,10987654.32,1416300032,1.7191103,6.240927,http://www.sec.gov/cgi-bin/browse-edgar?action=getcompany&CIK=AVY
银行-客户-55,银行-客户信息安全风险-91,客户管理风险,765432.1,168.95856,,3.86,251.13,698.67,765432.1,183220000,25.629044,23.630566,http://www.sec.gov/cgi-bin/browse-edgar?action=getcompany&CIK=AXON
产险-保险-56,产险-理赔管理风险-27,保险风险,32109876.54,15.496644,0.020599999,2.98,28.32,47.6,32109876.54,4336999936,1.6738576,2.8213587,http://www.sec.gov/cgi-bin/browse-edgar?action=getcompany&CIK=BKR
寿险-信用-57,寿险-债券投资违约风险-5,信用风险,9876543.21,23.208332,0.0143,2.4,51.96,71.32,9876543.21,2092999936,1.2058272,2.5007856,http://www.sec.gov/cgi-bin/browse-edgar?action=getcompany&CIK=BALL
养老险-战略-58,养老险-行业政策变动风险-38,战略风险,65432.1,14.423676,0.0221,3.21,32.35,48.08,65432.1,,3.7239535,1.308982,http://www.sec.gov/cgi-bin/browse-edgar?action=getcompany&CIK=BAC
健康险-科技-59,健康险-信息系统故障风险-70,科技风险,2109876.54,130.24,0.020499999,0.25,28.34,44.01,2109876.54,2744000000,1.1037542,2.1114066,http://www.sec.gov/cgi-bin/browse-edgar?action=getcompany&CIK=BAX
银行-合规-60,银行-内部控制失效风险-22,合规操作风险,876543.21,42.25256,0.0175,5.86,218.75,250.91,876543.21,5109000192,3.6214435,2.7674081,http://www.sec.gov/cgi-bin/browse-edgar?action=getcompany&CIK=BDX
产险-投资-61,产险-利率风险-54,投资风险,543210987.7,,,,,,543210987.7,,,,http://www.sec.gov/cgi-bin/browse-edgar?action=getcompany&CIK=BRK.B
寿险-产品-62,寿险-产品定价风险-8,产品管理风险,109876.54,14.702055,0.0404,5.84,69.29,103.71,109876.54,2673999872,0.43154255,6.0575705,http://www.sec.gov/cgi-bin/browse-edgar?action=getcompany&CIK=BBY
养老险-资负-63,养老险-资本充足率风险-41,资负风险,7654321.09,77.42106,0.0044,0.95,61.16,85.57,7654321.09,308515008,9.974972,5.463933,http://www.sec.gov/cgi-bin/browse-edgar?action=getcompany&CIK=TECH
健康险-渠道-64,健康险-银行代理渠道风险-79,渠道管理风险,321098.76,13.025338,,11.05,139.71,246.44,321098.76,2884999936,2.183017,1.2819073,http://www.sec.gov/cgi-bin/browse-edgar?action=getcompany&CIK=BIIB
银行-财务-65,银行-税务合规风险-15,税务及核算风险,9876543.21,25.607143,0.0212,42,745.55,1084.22,9876543.21,7673999872,8.603501,3.8642988,http://www.sec.gov/cgi-bin/browse-edgar?action=getcompany&CIK=BLK
产险-客户-66,产险-客户投诉处理风险-49,客户管理风险,654321.09,48.79063,0.0186,3.63,115.82,200.96,654321.09,,19.417854,19.407187,http://www.sec.gov/cgi-bin/browse-edgar?action=getcompany&CIK=BX
寿险-保险-67,寿险-准备金评估风险-82,保险风险,210987654.3,14.815516,0.0248,5.8,52.64,87.7,210987654.3,,3.4644256,1.659489,http://www.sec.gov/cgi-bin/browse-edgar?action=getcompany&CIK=BK
养老险-信用-68,养老险-应收保费风险-35,信用风险,876543.21,,,-18.37,137.03,213.77,876543.21,-3991000064,1.8044237,,http://www.sec.gov/cgi-bin/browse-edgar?action=getcompany&CIK=BA
健康险-战略-69,健康险-市场竞争加剧风险-68,战略风险,54321.09,32.25902,0.0073,146.86,3180,5337.24,54321.09,7183000064,6.8547063,,http://www.sec.gov/cgi-bin/browse-edgar?action=getcompany&CIK=BKNG
银行-科技-70,银行-数据安全风险-94,科技风险,10987654.32,7.8960395,0.013400001,4.04,29.51,38.23,10987654.32,1882000000,0.49237984,1.1332954,http://www.sec.gov/cgi-bin/browse-edgar?action=getcompany&CIK=BWA
产险-合规-71,产险-违反监管规定风险-20,合规操作风险,765432.1,84.59504,,1.21,64.08,103.595,765432.1,4063000064,9.481568,7.2833357,http://www.sec.gov/cgi-bin/browse-edgar?action=getcompany&CIK=BSX
寿险-投资-72,寿险-流动性风险-57,投资风险,321098765.4,,0.0419,-3.57,39.35,61.1,321098765.4,19161999360,2.5286424,6.9738555,http://www.sec.gov/cgi-bin/browse-edgar?action=getcompany&CIK=BMY
养老险-产品-73,养老险-产品销售误导风险-89,产品管理风险,987654.32,171.52715,0.0117,1.29,119.756,251.88,987654.32,22958000128,22.154697,3.7363436,http://www.sec.gov/cgi-bin/browse-edgar?action=getcompany&CIK=AVGO
健康险-资负-74,健康险-资产负债结构失衡风险-2,资负风险,6543210.98,41.143353,0.0147,5.79,188.3,241.45,6543210.98,1545799936,4.284815,12.822003,http://www.sec.gov/cgi-bin/browse-edgar?action=getcompany&CIK=BR
银行-渠道-75,银行-直销渠道风险-37,渠道管理风险,210987.65,30.248556,0.0057,3.46,77.12,114.15,210987.65,1528300032,6.5651097,4.630769,http://www.sec.gov/cgi-bin/browse-edgar?action=getcompany&CIK=BRO
产险-财务-76,产险-会计核算错误风险-61,税务及核算风险,8765432.1,,,,,,8765432.1,,,,http://www.sec.gov/cgi-bin/browse-edgar?action=getcompany&CIK=BF.B
寿险-客户-77,寿险-客户流失风险-96,客户管理风险,543210.98,16.367905,,10.22,130.75,214.7,543210.98,2349128960,1.1506404,4.3471932,http://www.sec.gov/cgi-bin/browse-edgar?action=getcompany&CIK=BLDR
养老险-保险-78,养老险-退保风险-29,保险风险,109876543.2,9.648923,0.035,7.89,75.72,114.92,109876543.2,2486000128,0.19503513,1.0488104,http://www.sec.gov/cgi-bin/browse-edgar?action=getcompany&CIK=BG
健康险-信用-79,健康险-贷款客户违约风险-64,信用风险,765432.1,31.800001,0.053600002,2.3,56.46,90.11,765432.1,1870726016,3.8590477,2.006309,http://www.sec.gov/cgi-bin/browse-edgar?action=getcompany&CIK=BXP
银行-战略-80,银行-多元化战略执行风险-9,战略风险,32109.87,25.774612,0.023,3.86,65,114.82,32109.87,673996992,0.66209275,7.163223,http://www.sec.gov/cgi-bin/browse-edgar?action=getcompany&CIK=CHRW
产险-科技-81,产险-新技术应用风险-43,科技风险,9876543.21,78.115486,,3.81,241.29,328.99,9876543.21,1450493056,18.747797,17.886892,http://www.sec.gov/cgi-bin/browse-edgar?action=getcompany&CIK=CDNS
寿险-合规-82,寿险-内部控制失效风险-75,合规操作风险,654321.09,,,-1.68,30.784,45.93,654321.09,3668000000,0.67961174,1.8292063,http://www.sec.gov/cgi-bin/browse-edgar?action=getcompany&CIK=CZR
养老险-投资-83,养老险-市场波动风险-32,投资风险,210987654.3,35.870663,0.0364,3.17,90.5,127.69,210987654.3,893276992,7.793328,2.7759874,http://www.sec.gov/cgi-bin/browse-edgar?action=getcompany&CIK=CPT
健康险-产品-84,健康险-产品设计缺陷风险-56,产品管理风险,876543.21,21.185793,0.0325,1.83,37.61,52.81,876543.21,1783000064,1.1994277,3.0450833,http://www.sec.gov/cgi-bin/browse-edgar?action=getcompany&CIK=CPB
银行-资负-85,银行-利率错配风险-88,资负风险,5432109.87,17.591537,0.0124,11.58,128.23,207.24,5432109.87,,2.930912,1.338111,http://www.sec.gov/cgi-bin/browse-edgar?action=getcompany&CIK=COF
产险-渠道-86,产险-代理人管理风险-17,渠道管理风险,109876.54,23.027935,0.015800001,5.37,93.17,131.29,109876.54,2924000000,0.13308874,,http://www.sec.gov/cgi-bin/browse-edgar?action=getcompany&CIK=CAH
寿险-财务-87,寿险-费用及采购风险-40,费用及采购风险,765432.1,29.129251,,2.94,65.83,91.25,765432.1,926968000,0.47586256,2.2223375,http://www.sec.gov/cgi-bin/browse-edgar?action=getcompany&CIK=KMX
养老险-客户-88,养老险-客户投诉处理风险-63,客户管理风险,321098.76,19.215277,,1.44,13.78,28.72,321098.76,5878000128,1.5281179,4.0781136,http://www.sec.gov/cgi-bin/browse-edgar?action=getcompany&CIK=CCL
健康险-保险-89,健康险-核保政策风险-97,保险风险,32109876.54,38.686386,0.0136,1.69,53.13,83.32,32109876.54,3318000128,2.3866007,3.9948673,http://www.sec.gov/cgi-bin/browse-edgar?action=getcompany&CIK=CARR
银行-信用-90,银行-交易对手信用风险-24,信用风险,987654321.1,,,-2.28,42.11,63.5,987654321.1,462000000,2.6056945,3.2527156,http://www.sec.gov/cgi-bin/browse-edgar?action=getcompany&CIK=CTLT
产险-战略-91,产险-行业政策变动风险-50,战略风险,65432.1,16.845352,0.0143,22.05,306,418.5,65432.1,15818999808,2.7310545,9.245321,http://www.sec.gov/cgi-bin/browse-edgar?action=getcompany&CIK=CAT
寿险-科技-92,寿险-网络安全风险-81,科技风险,2109876.54,27.875853,0.012200001,7.33,166.13,221.66,2109876.54,1290400000,5.4076476,5.0824566,http://www.sec.gov/cgi-bin/browse-edgar?action=getcompany&CIK=CBOE
养老险-合规-93,养老险-违反监管规定风险-13,合规操作风险,87654.32,46.690327,,3.1,82.75,147.09,87654.32,2213600000,1.2908531,5.008825,http://www.sec.gov/cgi-bin/browse-edgar?action=getcompany&CIK=CBRE
健康险-投资-94,健康险-市场波动风险-46,投资风险,543210987.7,24.31502,0.0126,8.19,168.43,263.37,543210987.7,1996300032,1.2739638,11.291037,http://www.sec.gov/cgi-bin/browse-edgar?action=getcompany&CIK=CDW
银行-产品-95,银行-产品设计缺陷风险-79,产品管理风险,109876.54,7.0756974,0.0388,10.04,64.05,172.16,109876.54,1851000064,0.7410559,1.0671314,http://www.sec.gov/cgi-bin/browse-edgar?action=getcompany&CIK=CE
产险-资负-96,产险-流动性风险-36,资负风险,7654321.09,33.804523,0.0085,7.52,214.77,258.39,7654321.09,4303009792,0.1676431,63.42565,http://www.sec.gov/cgi-bin/browse-edgar?action=getcompany&CIK=COR
寿险-渠道-97,寿险-代理人管理风险-60,渠道管理风险,321098.76,11.058722,,5.79,55.03,81.42,321098.76,5919000064,0.22110547,1.1960399,http://www.sec.gov/cgi-bin/browse-edgar?action=getcompany&CIK=CNC
养老险-财务-98,养老险-偿付能力及流动性风险-93,偿付能力及流动性风险,9876543.21,21.713333,0.026800001,1.5,25.41,33.12,9876543.21,3081999872,2.4788916,2.0148468,http://www.sec.gov/cgi-bin/browse-edgar?action=getcompany&CIK=CNP
健康险-客户-99,健康险-客户信息安全风险-18,客户管理风险,654321.09,14.613312,0.0217,6.31,69.13,98.25,654321.09,2651000064,2.6819963,3.0948145,http://www.sec.gov/cgi-bin/browse-edgar?action=getcompany&CIK=CF
银行-保险-100,银行-理赔管理风险-52,保险风险,210987654.3,20.672522,,7.97,159.65,275,210987654.3,948771008,2.0849042,2.2274497,http://www.sec.gov/cgi-bin/browse-edgar?action=getcompany&CIK=CRL
产险-信用-101,产险-债券投资违约风险-84,信用风险,8765432.1,27.665552,0.0124,2.99,61.01,83.73,8765432.1,,8.081977,3.980176,http://www.sec.gov/cgi-bin/browse-edgar?action=getcompany&CIK=SCHW
寿险-战略-102,寿险-行业政策变动风险-10,战略风险,54321.09,10.827013,,31.91,236.08,415.27,54321.09,21500000256,0.89377826,3.484448,http://www.sec.gov/cgi-bin/browse-edgar?action=getcompany&CIK=CHTR
养老险-科技-103,养老险-信息系统故障风险-43,科技风险,1098765.43,17.187788,0.0417,8.68,135.37,167.11,1098765.43,38942998528,1.4539505,1.7164257,http://www.sec.gov/cgi-bin/browse-edgar?action=getcompany&CIK=CVX
健康险-合规-104,健康险-内部控制失效风险-77,合规操作风险,765432.1,54.027775,,1.08,47.98,69.2614,765432.1,2233638912,7.23788,22.018867,http://www.sec.gov/cgi-bin/browse-edgar?action=getcompany&CIK=CMG
银行-投资-105,银行-利率风险-30,投资风险,321098765.4,12.083556,0.013400001,22.5,238.85,302.05,321098765.4,11363000320,1.991762,1.6663909,http://www.sec.gov/cgi-bin/browse-edgar?action=getcompany&CIK=CB
产险-产品-106,产险-产品定价风险-63,产品管理风险,987654.32,47.318382,0.0106,2.23,96.09,113.5,987654.32,1330099968,4.2709007,6.1628313,http://www.sec.gov/cgi-bin/browse-edgar?action=getcompany&CIK=CHD
寿险-资负-107,寿险-资本充足率风险-96,资负风险,6543210.98,24.294798,0.0185,12.11,262.03,370.83,6543210.98,8554999808,0.35060942,1.9534818,http://www.sec.gov/cgi-bin/browse-edgar?action=getcompany&CIK=CI
养老险-渠道-108,养老险-银行代理渠道风险-27,渠道管理风险,210987.65,7.039035,0.0233,19.47,104.78,161.75,210987.65,4062000128,1.7624824,1.5517964,http://www.sec.gov/cgi-bin/browse-edgar?action=getcompany&CIK=CINF
健康险-财务-109,健康险-税务合规风险-59,税务及核算风险,8765432.1,48.446865,0.0076,4.14,150.7,228.12,8765432.1,2450383872,8.296421,18.820496,http://www.sec.gov/cgi-bin/browse-edgar?action=getcompany&CIK=CTAS
银行-客户-110,银行-客户投诉处理风险-82,客户管理风险,543210.98,26.008583,0.026500002,2.33,44.5,62.32,543210.98,13752000512,4.5559354,5.340148,http://www.sec.gov/cgi-bin/browse-edgar?action=getcompany&CIK=CSCO
产险-保险-111,产险-准备金评估风险-16,保险风险,109876543.2,13.755068,0.0286,5.92,52.24,82.77,109876543.2,,2.217049,0.7990619,http://www.sec.gov/cgi-bin/browse-edgar?action=getcompany&CIK=C
寿险-信用-112,寿险-应收保费风险-49,信用风险,765432.1,15.69967,0.0353,3.03,30.24,49.25,765432.1,,2.9454155,0.92808646,http://www.sec.gov/cgi-bin/browse-edgar?action=getcompany&CIK=CFG
养老险-战略-113,养老险-市场竞争加剧风险-72,战略风险,32109.87,55.2892,0.0304,2.87,127.6,171.37,32109.87,1371000064,2.6297452,327.17523,http://www.sec.gov/cgi-bin/browse-edgar?action=getcompany&CIK=CLX
健康险-科技-114,健康险-数据安全风险-5,科技风险,9876543.21,24.870663,0.044099998,9.51,190.7,249.02,9876543.21,4209900032,14.124489,3.013992,http://www.sec.gov/cgi-bin/browse-edgar?action=getcompany&CIK=CME
银行-合规-115,银行-违反监管规定风险-33,合规操作风险,654321.09,18.857143,0.0311,3.5,55.1,72.4,654321.09,2739000064,2.6377487,2.5003788,http://www.sec.gov/cgi-bin/browse-edgar?action=getcompany&CIK=CMS
产险-投资-116,产险-流动性风险-66,投资风险,210987654.3,26.560669,0.030299999,2.39,57.93,73.53,210987654.3,14830999552,5.950795,10.316918,http://www.sec.gov/cgi-bin/browse-edgar?action=getcompany&CIK=KO
寿险-产品-117,寿险-产品销售误导风险-99,产品管理风险,876543.21,18.276548,0.014500001,4.52,63.79,83.4015,876543.21,3470000128,2.110036,2.8352268,http://www.sec.gov/cgi-bin/browse-edgar?action=getcompany&CIK=CTSH
养老险-资负-118,养老险-资产负债结构失衡风险-23,资负风险,5432109.87,24.913792,0.022,3.48,82.68,109.3,5432109.87,4894000128,3.5230706,162.96992,http://www.sec.gov/cgi-bin/browse-edgar?action=getcompany&CIK=CL
健康险-渠道-119,健康险-直销渠道风险-57,渠道管理风险,109876.54,8.033413,0.0332,4.19,33.3,45.82,109876.54,37285998592,1.0439879,1.5046937,http://www.sec.gov/cgi-bin/browse-edgar?action=getcompany&CIK=CMCSA
银行-财务-120,银行-会计核算错误风险-89,税务及核算风险,7654321.09,25.135923,0.0512,1.03,25.06,33.24,7654321.09,2239500032,1.0348368,1.4667724,http://www.sec.gov/cgi-bin/browse-edgar?action=getcompany&CIK=CAG
产险-客户-121,产险-客户流失风险-12,客户管理风险,321098.76,11.723606,0.0308,8.43,94.23,135.18,321098.76,24445999104,2.245846,2.2803416,http://www.sec.gov/cgi-bin/browse-edgar?action=getcompany&CIK=COP
寿险-保险-122,寿险-退保风险-45,保险风险,98765432.1,17.6203,0.036199998,5.32,85.85,107.75,98765432.1,5555999744,2.160666,1.481142,http://www.sec.gov/cgi-bin/browse-edgar?action=getcompany&CIK=ED
养老险-信用-123,养老险-贷款客户违约风险-78,信用风险,654321.09,49.264305,0.0184,3.67,176.51,274.87,654321.09,3887300096,3.2693136,3.3938394,http://www.sec.gov/cgi-bin/browse-edgar?action=getcompany&CIK=STZ
健康险-战略-124,健康险-多元化战略执行风险-31,战略风险,21098.76,34.01134,0.0046,8.82,125.85,352,21098.76,5997000192,4.0249505,7.4696217,http://www.sec.gov/cgi-bin/browse-edgar?action=getcompany&CIK=CEG
银行-科技-125,银行-新技术应用风险-64,科技风险,8765432.1,49.260204,0.0002,1.96,84.76,112.38,8765432.1,1023000000,5.065519,2.4256356,http://www.sec.gov/cgi-bin/browse-edgar?action=getcompany&CIK=COO
产险-合规-126,产险-内部控制失效风险-91,合规操作风险,543210.98,40.51049,,1.43,48.05,64.38,543210.98,1754322944,13.1743,7.414565,http://www.sec.gov/cgi-bin/browse-edgar?action=getcompany&CIK=CPRT
寿险-投资-127,寿险-市场波动风险-2,投资风险,1098765432,89.793106,0.0219,0.58,30.72,55.33,1098765432,2607000064,3.5317805,3.8181818,http://www.sec.gov/cgi-bin/browse-edgar?action=getcompany&CIK=GLW
养老险-产品-128,养老险-产品设计缺陷风险-35,产品管理风险,765432.1,27.119743,,14.03,247.1,386.81,765432.1,2066438016,6.840616,8.587194,http://www.sec.gov/cgi-bin/browse-edgar?action=getcompany&CIK=CPAY
健康险-资负-129,健康险-利率错配风险-69,资负风险,3210987.65,68.70526,0.010299999,0.95,50.01,66.16,3210987.65,3014000128,2.7327285,1.8184096,http://www.sec.gov/cgi-bin/browse-edgar?action=getcompany&CIK=CTVA
银行-渠道-130,银行-银行代理渠道风险-95,渠道管理风险,987654.32,182.38095,,0.42,68.26,100.38,987654.32,170300000,11.775071,4.187394,http://www.sec.gov/cgi-bin/browse-edgar?action=getcompany&CIK=CSGP
产险-财务-131,产险-费用及采购风险-26,费用及采购风险,654321.09,57.53846,0.0047,17.03,697.27,1008.25,654321.09,11521999872,1.7094228,18.381481,http://www.sec.gov/cgi-bin/browse-edgar?action=getcompany&CIK=COST
寿险-客户-132,寿险-客户投诉处理风险-59,客户管理风险,210987.65,16.8,0.0296,1.65,22.3,29.95,210987.65,3448999936,3.7123578,1.5653058,http://www.sec.gov/cgi-bin/browse-edgar?action=getcompany&CIK=CTRA
养老险-保险-133,养老险-再保险风险-82,保险风险,87654321.09,765.5193,,0.52,200.81,411.3,87654321.09,187490000,27.884487,41.78774,http://www.sec.gov/cgi-bin/browse-edgar?action=getcompany&CIK=CRWD
健康险-信用-134,健康险-交易对手信用风险-15,信用风险,543210.98,31.659575,0.070300005,2.82,84.2,120.92,543210.98,3993999872,5.885168,7.3330593,http://www.sec.gov/cgi-bin/browse-edgar?action=getcompany&CIK=CCI
银行-战略-135,银行-宏观经济下行风险-48,战略风险,109876.54,18.363129,0.0143,1.79,31.43,40.12,109876.54,7191000064,4.317632,4.902312,http://www.sec.gov/cgi-bin/browse-edgar?action=getcompany&CIK=CSX
产险-科技-136,产险-信息系统故障风险-71,科技风险,7654321.09,23.299541,0.0202,15.29,236,387.9,7654321.09,4582000128,1.4290627,4.737871,http://www.sec.gov/cgi-bin/browse-edgar?action=getcompany&CIK=CMI
寿险-合规-137,寿险-违反监管规定风险-4,合规操作风险,321098.76,14.335025,0.0468,3.94,43.56,80.75,321098.76,14115000320,0.19353512,0.94806457,http://www.sec.gov/cgi-bin/browse-edgar?action=getcompany&CIK=CVS
养老险-投资-138,养老险-流动性风险-37,投资风险,987654321.1,10.042462,0.0108,14.13,133.02,199.85,987654321.1,6202899968,1.2370625,1.8164593,http://www.sec.gov/cgi-bin/browse-edgar?action=getcompany&CIK=DHI
健康险-产品-139,健康险-产品定价风险-70,产品管理风险,654321.09,42.10586,0.0048,5.29,222.365,281.7,654321.09,7511000064,6.7463713,3.13577,http://www.sec.gov/cgi-bin/browse-edgar?action=getcompany&CIK=DHR
银行-资负-140,银行-资本充足率风险-3,资负风险,21098765.43,22.313143,0.035,8.75,135.87,196.8,21098765.43,1789500032,2.0034146,10.348776,http://www.sec.gov/cgi-bin/browse-edgar?action=getcompany&CIK=DRI
产险-渠道-141,产险-直销渠道风险-30,渠道管理风险,876543.21,18.98707,,9.28,108.76,179.6,876543.21,2657765120,1.1410017,37.649574,http://www.sec.gov/cgi-bin/browse-edgar?action=getcompany&CIK=DVA
寿险-财务-142,寿险-税务合规风险-63,税务及核算风险,5432109.87,208.05882,,0.34,47.08,82.69,5432109.87,252100000,6.5834746,4.3672056,http://www.sec.gov/cgi-bin/browse-edgar?action=getcompany&CIK=DAY
养老险-客户-143,养老险-客户流失风险-94,客户管理风险,1098765.43,36.19592,,4.9,131.395,222.05,1098765.43,1145432064,7.2787676,12.923346,http://www.sec.gov/cgi-bin/browse-edgar?action=getcompany&CIK=DECK
健康险-保险-144,健康险-退保风险-27,保险风险,76543210.98,18.593836,0.014500001,25.63,340.2,485.84,76543210.98,14364000256,2.319571,5.653747,http://www.sec.gov/cgi-bin/browse-edgar?action=getcompany&CIK=DE
银行-信用-145,银行-应收保费风险-55,信用风险,3210987.65,18.336283,0.0126,5.65,80.49,179.7,3210987.65,8725999616,0.78705394,,http://www.sec.gov/cgi-bin/browse-edgar?action=getcompany&CIK=DELL
产险-战略-146,产险-市场竞争加剧风险-8,战略风险,98765.43,12.621013,0.0098,5.33,37.29,69.98,98765.43,8415000064,0.7197846,3.1604414,http://www.sec.gov/cgi-bin/browse-edgar?action=getcompany&CIK=DAL
寿险-科技-147,寿险-数据安全风险-41,科技风险,6543210.98,6.3148146,0.0414,5.4,30.39,55.09,6543210.98,7622000128,1.5417639,1.5715734,http://www.sec.gov/cgi-bin/browse-edgar?action=getcompany&CIK=DVN
养老险-合规-148,养老险-内部控制失效风险-74,合规操作风险,210987.65,52.624245,,1.65,62.34,142,210987.65,840400000,8.577482,17.136374,http://www.sec.gov/cgi-bin/browse-edgar?action=getcompany&CIK=DXCM
健康险-投资-149,健康险-集中度风险-7,投资风险,876543211,9.484132,0.048600003,17.33,147.93,214.5,876543211,6817999872,5.2409425,1.2855086,http://www.sec.gov/cgi-bin/browse-edgar?action=getcompany&CIK=FANG
银行-产品-150,银行-产品创新不足风险-39,产品管理风险,543210.98,133.21951,0.0297,1.23,131.42,198,543210.98,2337596928,10.307729,2.6466599,http://www.sec.gov/cgi-bin/browse-edgar?action=getcompany&CIK=DLR
产险-资负-151,产险-利率错配风险-60,资负风险,10987654.32,11.348194,0.014199999,17.72,104.08,204.93,10987654.32,,4.324502,2.9243073,http://www.sec.gov/cgi-bin/browse-edgar?action=getcompany&CIK=DFS
寿险-渠道-152,寿险-直销渠道风险-92,渠道管理风险,765432.1,11.726072,0.0297,6.06,66.43,168.07,765432.1,3025478912,0.39387932,2.3127744,http://www.sec.gov/cgi-bin/browse-edgar?action=getcompany&CIK=DG
养老险-财务-153,养老险-费用及采购风险-20,费用及采购风险,321098.76,,,-4.7,60.49,151.22,321098.76,2604699904,0.5093638,2.1855724,http://www.sec.gov/cgi-bin/browse-edgar?action=getcompany&CIK=DLTR
健康险-客户-154,健康险-洗钱风险-53,客户管理风险,987654.32,20.512915,0.0478,2.71,43.53,61.97,987654.32,7032000000,3.199901,1.7834456,http://www.sec.gov/cgi-bin/browse-edgar?action=getcompany&CIK=D
银行-保险-155,银行-核保政策风险-86,保险风险,65432109.87,27.604177,0.013400001,16.27,396.06,542.75,65432109.87,921121024,3.3242092,,http://www.sec.gov/cgi-bin/browse-edgar?action=getcompany&CIK=DPZ
产险-信用-156,产险-贷款客户违约风险-19,信用风险,210987654.3,20.186321,0.0104,10.09,156,208.305,210987654.3,1765938048,3.2973301,4.904052,http://www.sec.gov/cgi-bin/browse-edgar?action=getcompany&CIK=DOV
寿险-战略-157,寿险-宏观经济下行风险-52,战略风险,87654.32,24.87261,0.0682,1.57,38.33,60.69,87654.32,4851999744,0.6363151,1.4930223,http://www.sec.gov/cgi-bin/browse-edgar?action=getcompany&CIK=DOW
养老险-科技-158,养老险-网络安全风险-16,科技风险,5432109.87,16.265944,0.0365,7.37,102.78,131.67,5432109.87,3448000000,1.9997799,2.141747,http://www.sec.gov/cgi-bin/browse-edgar?action=getcompany&CIK=DTE
健康险-合规-159,健康险-违反监管规定风险-49,合规操作风险,109876.54,20.105923,0.0372,5.57,90.09,121.25,109876.54,14106000384,2.9078102,1.7952006,http://www.sec.gov/cgi-bin/browse-edgar?action=getcompany&CIK=DUK
银行-投资-160,银行-市场波动风险-73,投资风险,765432109.9,60.000004,0.0198,1.28,61.14,90.06,765432109.9,2977999872,2.6327875,1.325555,http://www.sec.gov/cgi-bin/browse-edgar?action=getcompany&CIK=DD
产险-产品-161,产险-产品设计缺陷风险-98,产品管理风险,321098.76,12.992177,0.0358,7.67,80.71,114.5,321098.76,1684000000,1.2361655,2.0420082,http://www.sec.gov/cgi-bin/browse-edgar?action=getcompany&CIK=EMN
寿险-资负-162,寿险-流动性风险-29,资负风险,9876543.21,34.76464,0.0115,9.39,255.65,379.99,9876543.21,5449999872,5.2432065,6.7483926,http://www.sec.gov/cgi-bin/browse-edgar?action=getcompany&CIK=ETN
养老险-渠道-163,养老险-代理人管理风险-62,渠道管理风险,654321.09,16.997482,0.016,3.97,40.74,71.52,654321.09,2619000064,3.1504076,6.00089,http://www.sec.gov/cgi-bin/browse-edgar?action=getcompany&CIK=EBAY
健康险-财务-164,健康险-偿付能力及流动性风险-95,偿付能力及流动性风险,21098765.43,35.139046,0.010299999,7.12,195.49,262.61,21098765.43,3538599936,4.5196877,10.665444,http://www.sec.gov/cgi-bin/browse-edgar?action=getcompany&CIK=ECL
银行-客户-165,银行-客户信息安全风险-22,客户管理风险,876543.21,15.789474,0.0612,3.42,53.26,88.77,876543.21,6444000256,1.20698,1.4913831,http://www.sec.gov/cgi-bin/browse-edgar?action=getcompany&CIK=EIX
产险-保险-166,产险-理赔管理风险-56,保险风险,54321098.76,28.300781,,2.56,58.93,96.12,54321098.76,2052400000,6.838608,4.4766436,http://www.sec.gov/cgi-bin/browse-edgar?action=getcompany&CIK=EW
寿险-信用-167,寿险-债券投资违约风险-89,信用风险,109876543.2,31.515385,0.0064,3.9,115.21,168.5,109876543.2,1890000000,4.350921,4.3660975,http://www.sec.gov/cgi-bin/browse-edgar?action=getcompany&CIK=EA
养老险-战略-168,养老险-行业政策变动风险-18,战略风险,76543.21,15.408878,0.0167,25.68,362.21,567.26,76543.21,11347999744,0.52737945,2.0965016,http://www.sec.gov/cgi-bin/browse-edgar?action=getcompany&CIK=ELV
健康险-科技-169,健康险-信息系统故障风险-52,科技风险,4321098.76,46.081562,0.0162,2.82,92.16,134.85,4321098.76,4614000128,4.231108,3.4246936,http://www.sec.gov/cgi-bin/browse-edgar?action=getcompany&CIK=EMR
银行-合规-170,银行-内部控制失效风险-85,合规操作风险,98765.43,135.3913,,0.46,58.33,141.63,98765.43,102900000,6.7302794,9.032632,http://www.sec.gov/cgi-bin/browse-edgar?action=getcompany&CIK=ENPH
产险-投资-171,产险-利率风险-23,投资风险,654321098.8,19.679613,0.0296,4.12,48.075,84.26,654321098.8,4596974080,2.9310362,1.1564189,http://www.sec.gov/cgi-bin/browse-edgar?action=getcompany&CIK=ETR
寿险-产品-172,寿险-产品定价风险-55,产品管理风险,210987.65,10.152542,0.0301,12.39,108.94,139.67,210987.65,13168000000,2.9647412,2.4019935,http://www.sec.gov/cgi-bin/browse-edgar?action=getcompany&CIK=EOG
养老险-资负-173,养老险-资本充足率风险-88,资负风险,8765432.1,33.024708,,7.69,169.43,317.5,8765432.1,659422016,3.1066306,4.0521436,http://www.sec.gov/cgi-bin/browse-edgar?action=getcompany&CIK=EPAM
健康险-渠道-174,健康险-银行代理渠道风险-29,渠道管理风险,543210.98,68.159996,0.012200001,0.75,30.02,54.85,543210.98,2601137920,6.597917,1.4989883,http://www.sec.gov/cgi-bin/browse-edgar?action=getcompany&CIK=EQT
银行-财务-175,银行-税务合规风险-62,税务及核算风险,10987654.32,60.926826,0.0056,4.51,213.02,309.63,10987654.32,1697699968,6.094902,6.935211,http://www.sec.gov/cgi-bin/browse-edgar?action=getcompany&CIK=EFX
产险-客户-176,产险-客户投诉处理风险-92,客户管理风险,1098765.43,82.534775,0.0185,11.07,684.14,994.03,1098765.43,3352907008,10.493067,6.487864,http://www.sec.gov/cgi-bin/browse-edgar?action=getcompany&CIK=EQIX
寿险-保险-177,寿险-准备金评估风险-26,保险风险,765432109.9,29.801687,0.0387,2.37,57.33,78.83,765432109.9,1796182016,9.392895,2.4725196,http://www.sec.gov/cgi-bin/browse-edgar?action=getcompany&CIK=EQR
养老险-信用-178,养老险-应收保费风险-59,信用风险,321098.76,37.658882,0.0137,10.7,339.78,547,321098.76,710918720,5.71211,10.816579,http://www.sec.gov/cgi-bin/browse-edgar?action=getcompany&CIK=ERIE
健康险-战略-179,健康险-市场竞争加剧风险-85,战略风险,98765.43,33.283043,0.0349,8.55,223.06,317.73,98765.43,1109452032,10.814825,3.3657007,http://www.sec.gov/cgi-bin/browse-edgar?action=getcompany&CIK=ESS
银行-科技-180,银行-数据安全风险-12,科技风险,6543210.98,148.98215,0.0164,0.56,62.29,159.75,6543210.98,2438000128,1.9383557,5.891117,http://www.sec.gov/cgi-bin/browse-edgar?action=getcompany&CIK=EL
产险-合规-181,产险-违反监管规定风险-45,合规操作风险,210987.65,5.4196815,0.0227,64.12,343.76,407.3,210987.65,,0.9086784,0.97443277,http://www.sec.gov/cgi-bin/browse-edgar?action=getcompany&CIK=EG
寿险-投资-182,寿险-流动性风险-78,投资风险,876543211,17.343243,0.0416,3.7,48.04,65.47,876543211,2564199936,2.5573707,1.4720253,http://www.sec.gov/cgi-bin/browse-edgar?action=getcompany&CIK=EVRG
养老险-产品-183,养老险-产品销售误导风险-33,产品管理风险,543210.98,,0.052399997,-1.61,52.71,69.01,543210.98,4149131008,1.8182095,1.3951577,http://www.sec.gov/cgi-bin/browse-edgar?action=getcompany&CIK=ES
健康险-资负-184,健康险-资产负债结构失衡风险-66,资负风险,10987654.32,16.460905,0.038,2.43,33.35,41.19,10987654.32,7148000256,1.7533242,1.5097759,http://www.sec.gov/cgi-bin/browse-edgar?action=getcompany&CIK=EXC
银行-渠道-185,银行-直销渠道风险-99,渠道管理风险,765432.1,22.23017,,7.69,107.25,192.34,765432.1,1720000000,1.6381028,16.66017,http://www.sec.gov/cgi-bin/browse-edgar?action=getcompany&CIK=EXPE
产险-财务-186,产险-会计核算错误风险-29,税务及核算风险,3210987.65,22.14035,0.0128,5.13,108.36,131.59,3210987.65,1006916992,1.602091,6.7458577,http://www.sec.gov/cgi-bin/browse-edgar?action=getcompany&CIK=EXPD
寿险-客户-187,寿险-客户流失风险-62,客户管理风险,987654.32,41.17647,0.0419,3.74,131.02,184.87,987654.32,2260791040,10.257874,2.33005,http://www.sec.gov/cgi-bin/browse-edgar?action=getcompany&CIK=EXR
养老险-保险-188,养老险-退保风险-95,保险风险,65432109.87,13.643679,0.0361,7.83,100.42,126.34,65432109.87,71537999872,1.400655,1.7481018,http://www.sec.gov/cgi-bin/browse-edgar?action=getcompany&CIK=XOM
健康险-信用-189,健康险-贷款客户违约风险-22,信用风险,2109876.54,29.60757,,10.04,159.01,308,2109876.54,782097984,6.1238756,5.5184064,http://www.sec.gov/cgi-bin/browse-edgar?action=getcompany&CIK=FFIV
银行-战略-190,银行-多元化战略执行风险-55,战略风险,87654.32,33.959198,0.0088,13.97,391.84,499.87,87654.32,831163008,8.189447,9.414578,http://www.sec.gov/cgi-bin/browse-edgar?action=getcompany&CIK=FDS
产险-科技-191,产险-新技术应用风险-88,科技风险,5432109.87,91.25962,,20.53,1105.65,2402.52,5432109.87,747456000,26.663383,,http://www.sec.gov/cgi-bin/browse-edgar?action=getcompany&CIK=FICO
寿险-合规-192,寿险-内部控制失效风险-18,合规操作风险,109876.54,36.62,0.0209,2,61.36,84.88,109876.54,1693200000,5.6135554,11.664278,http://www.sec.gov/cgi-bin/browse-edgar?action=getcompany&CIK=FAST
养老险-投资-193,养老险-市场波动风险-51,投资风险,765432109.9,31.578487,0.040599998,3.44,95.98,118.34,765432109.9,739025984,7.8462167,3.126493,http://www.sec.gov/cgi-bin/browse-edgar?action=getcompany&CIK=FRT
健康险-产品-194,健康险-产品设计缺陷风险-84,产品管理风险,321098.76,16.903,0.02,15.67,234.45,313.84,321098.76,10885000192,0.72831917,2.3460376,http://www.sec.gov/cgi-bin/browse-edgar?action=getcompany&CIK=FDX
银行-资负-195,银行-利率错配风险-15,资负风险,9876543.21,83.98969,0.0175,0.97,60.39,91.98,9876543.21,3571000064,4.372416,2.669922,http://www.sec.gov/cgi-bin/browse-edgar?action=getcompany&CIK=FIS
产险-渠道-196,产险-代理人管理风险-48,渠道管理风险,654321.09,14.1114645,0.0334,3.14,32.29,49.07,654321.09,,3.6811647,1.6052022,http://www.sec.gov/cgi-bin/browse-edgar?action=getcompany&CIK=FITB
寿险-财务-197,寿险-费用及采购风险-71,费用及采购风险,210987.65,14.416524,,11.62,135.88,306.77,210987.65,1716966016,4.6572933,2.3617651,http://www.sec.gov/cgi-bin/browse-edgar?action=getcompany&CIK=FSLR
养老险-客户-198,养老险-客户投诉处理风险-4,客户管理风险,876543.21,25.67742,0.0428,1.55,35.41,44.97,876543.21,3924000000,1.7302116,1.8457543,http://www.sec.gov/cgi-bin/browse-edgar?action=getcompany&CIK=FE
健康险-保险-199,健康险-核保政策风险-37,保险风险,54321098.76,41.706562,,5.18,137.13,223.23,54321098.76,8766000128,6.108203,4.437415,http://www.sec.gov/cgi-bin/browse-edgar?action=getcompany&CIK=FI
银行-信用-200,银行-交易对手信用风险-69,信用风险,1098765432,4.575882,0.041100003,12.19,47.71,68.72,1098765432,703299968,1.67071,1.5112026,http://www.sec.gov/cgi-bin/browse-edgar?action=getcompany&CIK=FMC
产险-战略-201,产险-行业政策变动风险-99,战略风险,76543.21,11.454545,0.0591,0.88,9.49,14.85,76543.21,9360000000,0.21921957,0.9040359,http://www.sec.gov/cgi-bin/browse-edgar?action=getcompany&CIK=F
寿险-科技-202,寿险-网络安全风险-32,科技风险,4321098.76,50.693466,,1.99,54.57,102.87,4321098.76,1727900032,13.53922,85.05902,http://www.sec.gov/cgi-bin/browse-edgar?action=getcompany&CIK=FTNT
养老险-合规-203,养老险-违反监管规定风险-65,合规操作风险,98765.43,32.532,0.0039,2.5,66.15,87.1,98765.43,1698499968,4.5547137,2.6730428,http://www.sec.gov/cgi-bin/browse-edgar?action=getcompany&CIK=FTV
健康险-投资-204,健康险-市场波动风险-2,投资风险,654321098.8,12.513447,0.0106,4.09,28.285,52.04,654321098.8,3025999872,1.5867691,2.0780382,http://www.sec.gov/cgi-bin/browse-edgar?action=getcompany&CIK=FOXA
银行-产品-205,银行-产品设计缺陷风险-35,产品管理风险,210987.65,11.88264,0.0112,4.09,25.815,49.29,210987.65,3025999872,1.5893286,1.9732835,http://www.sec.gov/cgi-bin/browse-edgar?action=getcompany&CIK=FOX
产险-资负-206,产险-流动性风险-68,资负风险,8765432.1,26.164705,0.0635,0.85,18.83,28.61,8765432.1,1688400000,1.3745438,0.9309724,http://www.sec.gov/cgi-bin/browse-edgar?action=getcompany&CIK=BEN
寿险-渠道-207,寿险-代理人管理风险-91,渠道管理风险,543210.98,28.228346,0.0153,1.27,35.46,55.24,543210.98,9900000256,2.0533912,2.935637,http://www.sec.gov/cgi-bin/browse-edgar?action=getcompany&CIK=FCX
养老险-财务-208,养老险-偿付能力及流动性风险-25,偿付能力及流动性风险,10987654.32,27.392132,0.0138,7.88,119.27,222.97,10987654.32,1596897024,6.958148,5.524841,http://www.sec.gov/cgi-bin/browse-edgar?action=getcompany&CIK=GRMN
健康险-客户-209,健康险-客户信息安全风险-58,客户管理风险,765432.1,40.090843,,13.54,411.15,559,765432.1,1298909952,6.8211174,39.515907,http://www.sec.gov/cgi-bin/browse-edgar?action=getcompany&CIK=IT
银行-保险-210,银行-理赔管理风险-89,保险风险,32109876.54,33.48191,0.0059,6.08,107.773346,207.65,32109876.54,8935000064,3.1245418,11.673262,http://www.sec.gov/cgi-bin/browse-edgar?action=getcompany&CIK=GE
产险-信用-211,产险-债券投资违约风险-22,信用风险,9876543.21,24.19178,0.0016,3.65,72.52,94.55,9876543.21,3571000064,2.062574,4.850316,http://www.sec.gov/cgi-bin/browse-edgar?action=getcompany&CIK=GEHC
寿险-战略-212,寿险-行业政策变动风险-55,战略风险,65432.1,66.70483,0.0024,5.59,119,447.5,65432.1,1396999936,2.9860516,10.805298,http://www.sec.gov/cgi-bin/browse-edgar?action=getcompany&CIK=GEV
养老险-科技-213,养老险-信息系统故障风险-88,科技风险,2109876.54,27.742268,0.0179,0.97,19.08,31.72,2109876.54,1808999936,4.449519,7.6318774,http://www.sec.gov/cgi-bin/browse-edgar?action=getcompany&CIK=GEN
健康险-合规-214,健康险-内部控制失效风险-12,合规操作风险,876543.21,31.110416,,4.8,108.89,195.94,876543.21,660542976,2.1540296,3.6874335,http://www.sec.gov/cgi-bin/browse-edgar?action=getcompany&CIK=GNRC
银行-投资-215,银行-利率风险-45,投资风险,543210987.7,18.867842,0.0216,13.62,247.01,316.9,543210987.7,5402999808,1.5087571,3.0709114,http://www.sec.gov/cgi-bin/browse-edgar?action=getcompany&CIK=GD
产险-产品-216,产险-产品定价风险-78,产品管理风险,109876.54,13.073914,0.0364,4.6,57.94,75.9,109876.54,4214599936,1.6742437,3.5782712,http://www.sec.gov/cgi-bin/browse-edgar?action=getcompany&CIK=GIS
寿险-资负-217,寿险-资本充足率风险-41,资负风险,7654321.09,7.764521,0.0087,6.37,37.6,61.24,7654321.09,18371000320,0.26955387,0.76698816,http://www.sec.gov/cgi-bin/browse-edgar?action=getcompany&CIK=GM
养老险-渠道-218,养老险-银行代理渠道风险-74,渠道管理风险,321098.76,14.98067,0.0339,7.76,112.74,164.45,321098.76,2055010944,0.6936203,3.4425063,http://www.sec.gov/cgi-bin/browse-edgar?action=getcompany&CIK=GPC
健康险-财务-219,健康险-税务合规风险-18,税务及核算风险,9876543.21,1079.9999,0.0318,0.09,62.07,98.9,9876543.21,13948999680,4.2806263,6.555608,http://www.sec.gov/cgi-bin/browse-edgar?action=getcompany&CIK=GILD
银行-客户-220,银行-客户投诉处理风险-51,客户管理风险,654321.09,21.292452,0.0089,5.3,91.6,141.78,654321.09,4356144128,2.8650084,1.2585455,http://www.sec.gov/cgi-bin/browse-edgar?action=getcompany&CIK=GPN
产险-保险-221,产险-准备金评估风险-85,保险风险,210987654.3,10.34661,0.0078,11.8,38.95,132,210987654.3,1495667968,1.7894174,2.2181644,http://www.sec.gov/cgi-bin/browse-edgar?action=getcompany&CIK=GL
寿险-信用-222,寿险-应收保费风险-22,信用风险,876543.21,17.121578,,12.42,107.08,215.8,876543.21,1015600000,6.6901054,83.6546,http://www.sec.gov/cgi-bin/browse-edgar?action=getcompany&CIK=GDDY
养老险-战略-223,养老险-市场竞争加剧风险-55,战略风险,54321.09,15.922427,0.021,40.22,375.2,650,54321.09,,4.05891,1.9547575,http://www.sec.gov/cgi-bin/browse-edgar?action=getcompany&CIK=GS
健康险-科技-224,健康险-数据安全风险-8,科技风险,10987654.32,9.194346,0.023,2.83,25.51,41.56,10987654.32,5112000000,0.99070877,2.2188113,http://www.sec.gov/cgi-bin/browse-edgar?action=getcompany&CIK=HAL
银行-合规-225,银行-违反监管规定风险-49,合规操作风险,765432.1,10.777778,0.0182,10.35,88.06,124.9,765432.1,4254000128,1.2397387,1.9455831,http://www.sec.gov/cgi-bin/browse-edgar?action=getcompany&CIK=HIG
产险-投资-226,产险-流动性风险-15,投资风险,321098765.4,,0.047,-4.64,46.09,73.46,321098765.4,772200000,1.8665534,6.2678804,http://www.sec.gov/cgi-bin/browse-edgar?action=getcompany&CIK=HAS
寿险-产品-227,寿险-产品销售误导风险-48,产品管理风险,987654.32,15.009555,0.0081,21.98,289.98,417.14,987654.32,13747000320,1.2002875,,http://www.sec.gov/cgi-bin/browse-edgar?action=getcompany&CIK=HCA
养老险-资负-228,养老险-资产负债结构失衡风险-81,资负风险,6543210.98,42.163265,0.0585,0.49,16.02,23.26,6543210.98,1400305024,5.6533074,1.6874949,http://www.sec.gov/cgi-bin/browse-edgar?action=getcompany&CIK=DOC
健康险-渠道-229,健康险-直销渠道风险-14,渠道管理风险,210987.65,32.786884,,2.44,63.67,82.63,210987.65,922000000,0.79473877,2.8582656,http://www.sec.gov/cgi-bin/browse-edgar?action=getcompany&CIK=HSIC
银行-财务-230,银行-会计核算错误风险-47,税务及核算风险,8765432.1,17.155172,0.036,8.7,147.6,211.92,8765432.1,2952748032,2.7526376,7.182041,http://www.sec.gov/cgi-bin/browse-edgar?action=getcompany&CIK=HSY
产险-客户-231,产险-客户流失风险-74,客户管理风险,543210.98,15.482183,0.0138,8.98,123.79,163.98,543210.98,6984999936,3.437186,3.9456806,http://www.sec.gov/cgi-bin/browse-edgar?action=getcompany&CIK=HES
寿险-保险-232,寿险-退保风险-7,保险风险,109876543.2,10.979275,0.024,1.93,14.465,24.66,109876543.2,4909000192,0.9604357,1.2461774,http://www.sec.gov/cgi-bin/browse-edgar?action=getcompany&CIK=HPE
养老险-信用-233,养老险-贷款客户违约风险-40,信用风险,765432.1,54.832977,0.0023,4.67,186.83,259.01,765432.1,2456999936,13.296006,,http://www.sec.gov/cgi-bin/browse-edgar?action=getcompany&CIK=HLT
健康险-战略-234,健康险-多元化战略执行风险-73,战略风险,32109.87,21.728916,,3.32,68.61,84.67,32109.87,1242700032,4.0835733,3.287459,http://www.sec.gov/cgi-bin/browse-edgar?action=getcompany&CIK=HOLX
银行-科技-235,银行-新技术应用风险-6,科技风险,9876543.21,28.159946,0.0217,14.63,323.77,439.37,9876543.21,24757999616,2.6633863,70.5566,http://www.sec.gov/cgi-bin/browse-edgar?action=getcompany&CIK=HD
产险-合规-236,产险-内部控制失效风险-39,合规操作风险,654321.09,25.83372,0.0202,8.66,189.75,242.77,654321.09,9164000256,3.8492603,8.35774,http://www.sec.gov/cgi-bin/browse-edgar?action=getcompany&CIK=HON
寿险-投资-237,寿险-市场波动风险-72,投资风险,210987654.3,20.394558,0.0365,1.47,28.51,36.86,210987654.3,1353831040,1.3738172,2.0896354,http://www.sec.gov/cgi-bin/browse-edgar?action=getcompany&CIK=HRL
养老险-产品-238,养老险-产品设计缺陷风险-5,产品管理风险,876543.21,16.2233,0.0481,1.03,15.71,21.31,876543.21,1515000064,2.117982,1.7402623,http://www.sec.gov/cgi-bin/browse-edgar?action=getcompany&CIK=HST
健康险-资负-239,健康险-利率错配风险-38,资负风险,5432109.87,48.684616,0.0031,2.6,57,129.1,5432109.87,1772000000,7.0735235,11.58627,http://www.sec.gov/cgi-bin/browse-edgar?action=getcompany&CIK=HWM
银行-渠道-240,银行-银行代理渠道风险-65,渠道管理风险,109876.54,11.565837,0.028199999,2.81,27.43,39.8,109876.54,5045000192,0.5716029,,http://www.sec.gov/cgi-bin/browse-edgar?action=getcompany&CIK=HPQ
产险-财务-241,产险-费用及采购风险-98,费用及采购风险,765432.1,30.410498,0.0124,13.91,342.85,481.345,765432.1,1266200064,4.025383,7.061701,http://www.sec.gov/cgi-bin/browse-edgar?action=getcompany&CIK=HUBB
寿险-客户-242,寿险-客户投诉处理风险-28,客户管理风险,321098.76,25.587261,0.0119,11.46,213.31,406.46,321098.76,3779000064,0.3070004,2.0101457,http://www.sec.gov/cgi-bin/browse-edgar?action=getcompany&CIK=HUM
养老险-保险-243,养老险-再保险风险-61,保险风险,98765432.1,14.098361,0.0368,1.22,12.05,18.45,98765432.1,,3.737311,1.3720485,http://www.sec.gov/cgi-bin/browse-edgar?action=getcompany&CIK=HBAN
健康险-信用-244,健康险-交易对手信用风险-94,信用风险,654321.09,11.150932,0.0276,17.69,184.29,299.5,654321.09,1071000000,0.6592625,1.8364458,http://www.sec.gov/cgi-bin/browse-edgar?action=getcompany&CIK=HII
银行-战略-245,银行-宏观经济下行风险-21,战略风险,21098.76,40.14129,0.0292,6.37,162.62,257.235,21098.76,14675999744,3.8160467,9.670953,http://www.sec.gov/cgi-bin/browse-edgar?action=getcompany&CIK=IBM
产险-科技-246,产险-信息系统故障风险-54,科技风险,8765432.1,34.776745,0.012300001,6.45,189.51,246.36,8765432.1,862700032,5.3166056,4.458114,http://www.sec.gov/cgi-bin/browse-edgar?action=getcompany&CIK=IEX
寿险-合规-247,寿险-违反监管规定风险-87,合规操作风险,543210.98,40.777775,,10.35,398.5,583.39,543210.98,1299420032,8.988579,21.398874,http://www.sec.gov/cgi-bin/browse-edgar?action=getcompany&CIK=IDXX
养老险-投资-248,养老险-流动性风险-1,投资风险,1098765432,22.438095,0.0231,11.55,232.77,279.13,1098765432,4652000256,4.798417,22.569016,http://www.sec.gov/cgi-bin/browse-edgar?action=getcompany&CIK=ITW
健康险-产品-249,健康险-产品定价风险-34,产品管理风险,765432.1,824,,0.09,50.35,83.95,765432.1,80491000,3.505254,4.508755,http://www.sec.gov/cgi-bin/browse-edgar?action=getcompany&CIK=INCY
银行-资负-250,银行-资本充足率风险-67,资负风险,3210987.65,45.980396,0.0009,2.04,81.59,106.03,3210987.65,1901100032,5.293139,3.6849344,http://www.sec.gov/cgi-bin/browse-edgar?action=getcompany&CIK=IR
产险-渠道-251,产险-互联网渠道风险-24,渠道管理风险,987654.32,47.343536,,5.88,160.19,284.62,987654.32,410600000,9.842689,17.465336,http://www.sec.gov/cgi-bin/browse-edgar?action=getcompany&CIK=PODD
寿险-财务-252,寿险-会计核算错误风险-57,税务及核算风险,6543210.98,,0.0224,-4.38,18.51,46.63,6543210.98,10439000064,1.5509042,0.8411619,http://www.sec.gov/cgi-bin/browse-edgar?action=getcompany&CIK=INTC
养老险-客户-253,养老险-客户流失风险-8,客户管理风险,2109876.54,37.96437,0.0113,4.21,124.34,167.99,2109876.54,5558000128,10.021919,3.3688138,http://www.sec.gov/cgi-bin/browse-edgar?action=getcompany&CIK=ICE
健康险-保险-254,健康险-退保风险-41,保险风险,87654321.09,,0.0182,-9.08,72.94,106.77,87654321.09,1876000000,1.9505382,1.5071906,http://www.sec.gov/cgi-bin/browse-edgar?action=getcompany&CIK=IFF
银行-信用-255,银行-应收保费风险-74,信用风险,543210.98,35.43312,0.0319,1.57,32.7,60.36,543210.98,1955000064,1.0368192,2.239623,http://www.sec.gov/cgi-bin/browse-edgar?action=getcompany&CIK=IP
产险-战略-256,产险-多元化战略执行风险-11,战略风险,109876.54,13.523585,0.046,2.12,26.3,35.17,109876.54,1732099968,1.1436042,2.8664267,http://www.sec.gov/cgi-bin/browse-edgar?action=getcompany&CIK=IPG
寿险-科技-257,寿险-新技术应用风险-44,科技风险,7654321.09,58.51265,0.0061,10.28,557.29,714.78,7654321.09,4496000000,10.339139,9.144269,http://www.sec.gov/cgi-bin/browse-edgar?action=getcompany&CIK=INTU
养老险-合规-258,养老险-内部控制失效风险-7,合规操作风险,321098.76,88.80124,,6.44,364.17,616,321098.76,2505100032,25.892239,13.071841,http://www.sec.gov/cgi-bin/browse-edgar?action=getcompany&CIK=ISRG
健康险-投资-259,健康险-集中度风险-40,投资风险,987654321.1,16.29661,0.0462,1.18,14.16,19.51,987654321.1,1053000000,1.4633013,0.8044342,http://www.sec.gov/cgi-bin/browse-edgar?action=getcompany&CIK=IVZ
银行-产品-260,银行-产品创新不足风险-73,产品管理风险,654321.09,43.263885,0.0374,0.72,30.13,37.8,654321.09,1407630976,7.470035,1.9243838,http://www.sec.gov/cgi-bin/browse-edgar?action=getcompany&CIK=INVH
产险-资负-261,产险-利率错配风险-4,资负风险,21098765.43,26.45992,,7.61,187.62,261.73,21098765.43,2827000064,2.3863428,5.2485337,http://www.sec.gov/cgi-bin/browse-edgar?action=getcompany&CIK=IQV
寿险-渠道-262,寿险-直销渠道风险-37,渠道管理风险,876543.21,282.1389,0.027999999,0.36,66.2,130.24,876543.21,2001980032,4.9773626,,http://www.sec.gov/cgi-bin/browse-edgar?action=getcompany&CIK=IRM
养老险-财务-263,养老险-费用及采购风险-60,费用及采购风险,543210.98,30.794964,0.0092,5.56,153.12,219.51,543210.98,1577556992,1.4060966,4.3157816,http://www.sec.gov/cgi-bin/browse-edgar?action=getcompany&CIK=JBHT
健康险-客户-264,健康险-洗钱风险-93,客户管理风险,1098765.43,21.59394,0.038,4.95,99.81,134.62,1098765.43,1977900032,1.3384329,1.475342,http://www.sec.gov/cgi-bin/browse-edgar?action=getcompany&CIK=SJM
银行-保险-265,银行-核保政策风险-26,保险风险,76543210.98,15.336166,0.0022,10.59,95.85,174.8,76543210.98,2143000064,0.6159187,10.635191,http://www.sec.gov/cgi-bin/browse-edgar?action=getcompany&CIK=JBL
产险-信用-266,产险-贷款客户违约风险-59,信用风险,321098765.4,31.826326,0.0126,5.47,157,189.63,321098765.4,571171968,5.657281,6.598067,http://www.sec.gov/cgi-bin/browse-edgar?action=getcompany&CIK=JKHY
寿险-战略-267,寿险-宏观经济下行风险-92,战略风险,98765.43,29.19375,0.0083,4.8,111.22807,150.54,98765.43,1476304000,1.0253645,2.6314507,http://www.sec.gov/cgi-bin/browse-edgar?action=getcompany&CIK=J
养老险-科技-268,养老险-网络安全风险-23,科技风险,6543210.98,26.36915,0.0335,5.77,140.68,168.85,6543210.98,30051999744,4.196929,5.2206287,http://www.sec.gov/cgi-bin/browse-edgar?action=getcompany&CIK=JNJ
健康险-合规-269,健康险-违反监管规定风险-56,合规操作风险,210987.65,37.5,0.0189,2.08,52.79,87.16,210987.65,3232000000,2.2434142,3.22354,http://www.sec.gov/cgi-bin/browse-edgar?action=getcompany&CIK=JCI
银行-投资-270,银行-市场波动风险-89,投资风险,876543211,13.541033,0.0202,19.74,172.62,270.82,876543211,,4.6118264,2.3213198,http://www.sec.gov/cgi-bin/browse-edgar?action=getcompany&CIK=JPM
产险-产品-271,产险-产品设计缺陷风险-16,产品管理风险,543210.98,45.868423,0.0256,0.76,34.3,39.79,543210.98,498500000,2.292625,2.4844987,http://www.sec.gov/cgi-bin/browse-edgar?action=getcompany&CIK=JNPR
寿险-资负-272,寿险-流动性风险-49,资负风险,10987654.32,27.33445,0.0278,2.99,52.46,82.06,10987654.32,2032000000,2.2011225,7.7183876,http://www.sec.gov/cgi-bin/browse-edgar?action=getcompany&CIK=K
养老险-渠道-273,养老险-代理人管理风险-82,渠道管理风险,765432.1,38.70909,0.0378,0.55,17.67,24.46,765432.1,3454000128,2.6404338,3.8325834,http://www.sec.gov/cgi-bin/browse-edgar?action=getcompany&CIK=KVUE
健康险-财务-274,健康险-偿付能力及流动性风险-19,偿付能力及流动性风险,32109876.54,19.337349,0.028499998,1.66,28.62,38.28,32109876.54,4230000128,2.8744419,1.7438068,http://www.sec.gov/cgi-bin/browse-edgar?action=getcompany&CIK=KDP
银行-客户-275,银行-客户信息安全风险-52,客户管理风险,987654.32,,0.0448,-0.32,13.11,20.04,987654.32,,4.101419,1.2417984,http://www.sec.gov/cgi-bin/browse-edgar?action=getcompany&CIK=KEY
产险-保险-276,产险-理赔管理风险-86,保险风险,65432109.87,50.811966,,3.51,119.72,180.26,65432109.87,1187000064,6.163895,5.917189,http://www.sec.gov/cgi-bin/browse-edgar?action=getcompany&CIK=KEYS
寿险-信用-277,寿险-债券投资违约风险-23,信用风险,210987654.3,17.21457,0.037100002,7.55,117.67,149.31,210987654.3,3897999872,2.1454751,33.73216,http://www.sec.gov/cgi-bin/browse-edgar?action=getcompany&CIK=KMB
养老险-战略-278,养老险-行业政策变动风险-56,战略风险,87654.32,41.574074,0.044099998,0.54,17.57,25.83,87654.32,1195842048,7.708316,1.4380885,http://www.sec.gov/cgi-bin/browse-edgar?action=getcompany&CIK=KIM
健康险-科技-279,健康险-信息系统故障风险-89,科技风险,5432109.87,23.48718,0.0374,1.17,16.47,31.48,5432109.87,6568999936,4.029481,2.0078912,http://www.sec.gov/cgi-bin/browse-edgar?action=getcompany&CIK=KMI
银行-合规-280,银行-内部控制失效风险-29,合规操作风险,109876.54,51.564816,0.0042,3.24,87.28,170.4,109876.54,,5.542496,6.1563125,http://www.sec.gov/cgi-bin/browse-edgar?action=getcompany&CIK=KKR
产险-投资-281,产险-利率风险-62,投资风险,765432109.9,31.070705,0.0092,23.76,593.01,896.32,765432109.9,4249192960,9.627435,29.462427,http://www.sec.gov/cgi-bin/browse-edgar?action=getcompany&CIK=KLAC
寿险-产品-282,寿险-产品定价风险-95,产品管理风险,321098.76,26.882883,0.0529,1.11,28.37,38.96,321098.76,6446000128,1.3808509,0.74648523,http://www.sec.gov/cgi-bin/browse-edgar?action=getcompany&CIK=KHC
养老险-资负-283,养老险-资本充足率风险-2,资负风险,9876543.21,16.306879,0.0214,3.78,44.48,63.59,9876543.21,8067999744,0.29695392,4.9959474,http://www.sec.gov/cgi-bin/browse-edgar?action=getcompany&CIK=KR
健康险-渠道-284,健康险-银行代理渠道风险-36,渠道管理风险,654321.09,26.939009,0.0219,7.87,200.18,265.74,654321.09,3705999872,1.901973,2.1152773,http://www.sec.gov/cgi-bin/browse-edgar?action=getcompany&CIK=LHX
银行-财务-285,银行-税务合规风险-69,税务及核算风险,21098765.43,47.310604,0.0114,5.28,191.97,252.71,21098765.43,1673500032,1.6434692,2.5590854,http://www.sec.gov/cgi-bin/browse-edgar?action=getcompany&CIK=LH
产险-客户-286,产险-客户投诉处理风险-26,客户管理风险,876543.21,24.63526,0.012200001,3.29,68.87,113,876543.21,4920197120,6.6797514,12.374046,http://www.sec.gov/cgi-bin/browse-edgar?action=getcompany&CIK=LRCX
寿险-保险-287,寿险-准备金评估风险-59,保险风险,543210987.7,23.598425,0.0184,2.54,52.99,107.5,543210987.7,1294400000,1.324252,4.816779,http://www.sec.gov/cgi-bin/browse-edgar?action=getcompany&CIK=LW
养老险-信用-288,养老险-应收保费风险-92,信用风险,1098765.43,23.382654,0.0184,1.96,36.62,56.61,1098765.43,3863000064,2.9361086,9.697419,http://www.sec.gov/cgi-bin/browse-edgar?action=getcompany&CIK=LVS
健康险-战略-289,健康险-市场竞争加剧风险-25,战略风险,76543.21,16.158134,0.0113,8.79,108.97,202.9,76543.21,2056999936,1.1643109,4.104439,http://www.sec.gov/cgi-bin/browse-edgar?action=getcompany&CIK=LDOS
银行-科技-290,银行-数据安全风险-55,科技风险,3210987.65,9.171209,0.0137,14.31,124.30784,187.6089,3210987.65,5534482944,0.95074534,1.2986089,http://www.sec.gov/cgi-bin/browse-edgar?action=getcompany&CIK=LEN
产险-合规-291,产险-违反监管规定风险-82,合规操作风险,987654.32,87.212906,0.0073,9.3,659.74,972.53,987654.32,16566500352,17.850178,51.253082,http://www.sec.gov/cgi-bin/browse-edgar?action=getcompany&CIK=LLY
寿险-投资-292,寿险-流动性风险-12,投资风险,654321098.8,33.873955,0.0125,13.17,396.07,487.49,654321098.8,12581000192,6.432206,5.422699,http://www.sec.gov/cgi-bin/browse-edgar?action=getcompany&CIK=LIN
养老险-产品-293,养老险-产品销售误导风险-45,产品管理风险,210987.65,162.5618,,0.89,86.67,145.33,210987.65,1534734976,1.4309411,115.19107,http://www.sec.gov/cgi-bin/browse-edgar?action=getcompany&CIK=LYV
健康险-资负-294,健康险-资产负债结构失衡风险-78,资负风险,8765432.1,13.797048,0.031400003,2.71,35.56,53.68,8765432.1,1732000000,0.67038447,1.5665982,http://www.sec.gov/cgi-bin/browse-edgar?action=getcompany&CIK=LKQ
银行-渠道-295,银行-直销渠道风险-31,渠道管理风险,543210.98,20.769403,0.026199998,22.29,413.92,618.95,543210.98,10225999872,1.5284655,15.174709,http://www.sec.gov/cgi-bin/browse-edgar?action=getcompany&CIK=LMT
产险-财务-296,产险-会计核算错误风险-64,税务及核算风险,10987654.32,11.363031,0.0029,7.52,71.52,87.45,10987654.32,3233999872,1.0745851,1.0778118,http://www.sec.gov/cgi-bin/browse-edgar?action=getcompany&CIK=L
寿险-客户-297,寿险-客户流失风险-98,客户管理风险,765432.1,21.651957,0.016900001,12.01,211.8,287.01,765432.1,12433000448,1.7475166,,http://www.sec.gov/cgi-bin/browse-edgar?action=getcompany&CIK=LOW
养老险-保险-298,养老险-退保风险-52,保险风险,32109876.54,29.99276,,13.81,226.01,480.94,32109876.54,2699964928,5.0497017,12.353486,http://www.sec.gov/cgi-bin/browse-edgar?action=getcompany&CIK=LULU
健康险-信用-299,健康险-贷款客户违约风险-85,信用风险,9876543.21,11.487101,0.0704,6.59,72.21,107.02,9876543.21,4421000192,0.6035279,1.7923098,http://www.sec.gov/cgi-bin/browse-edgar?action=getcompany&CIK=LYB
银行-战略-300,银行-多元化战略执行风险-18,战略风险,65432.1,13.745902,0.0269,14.64,128.31,225.7,65432.1,,3.9286907,1.2625636,http://www.sec.gov/cgi-bin/browse-edgar?action=getcompany&CIK=MTB
产险-科技-301,产险-新技术应用风险-41,科技风险,2109876.54,,,,,,2109876.54,,,,http://www.sec.gov/cgi-bin/browse-edgar?action=getcompany&CIK=MRO
寿险-合规-302,寿险-内部控制失效风险-74,合规操作风险,876543.21,11.29535,0.024300002,12.9,130.54,221.11,876543.21,10341000192,0.32823712,2.5012445,http://www.sec.gov/cgi-bin/browse-edgar?action=getcompany&CIK=MPC
养老险-投资-303,养老险-市场波动风险-38,投资风险,543210987.7,29.895664,0.0136,7.38,192.42,296.68,543210987.7,412735008,10.245476,6.0040274,http://www.sec.gov/cgi-bin/browse-edgar?action=getcompany&CIK=MKTX
健康险-产品-304,健康险-产品设计缺陷风险-67,产品管理风险,109876.54,30.460167,0.0086,9.54,204.55,295.45,109876.54,4112999936,12.291162,,http://www.sec.gov/cgi-bin/browse-edgar?action=getcompany&CIK=MAR
银行-资负-305,银行-利率错配风险-98,资负风险,7654321.09,26.5459,0.0149,8.17,191.87,235.5,7654321.09,7246000128,4.4482994,7.7801695,http://www.sec.gov/cgi-bin/browse-edgar?action=getcompany&CIK=MMC
产险-渠道-306,产险-互联网渠道风险-58,渠道管理风险,321098.76,16.882408,0.0058,32.23,490.05,633.23,321098.76,1945500032,5.105874,3.6269588,http://www.sec.gov/cgi-bin/browse-edgar?action=getcompany&CIK=MLM
寿险-财务-307,寿险-费用及采购风险-21,费用及采购风险,987654.32,21.085106,0.0143,3.76,63.81,86.7,987654.32,1494000000,2.1700811,,http://www.sec.gov/cgi-bin/browse-edgar?action=getcompany&CIK=MAS
养老险-客户-308,养老险-客户投诉处理风险-54,客户管理风险,654321.09,40.810432,0.0055,13.61,428.86,565.54,654321.09,16784000000,19.002762,68.68183,http://www.sec.gov/cgi-bin/browse-edgar?action=getcompany&CIK=MA
健康险-保险-309,健康险-核保政策风险-87,保险风险,210987654.3,16.008968,0.0216,2.23,27.655,38.84,210987654.3,993089984,2.5718384,,http://www.sec.gov/cgi-bin/browse-edgar?action=getcompany&CIK=MTCH
银行-信用-310,银行-交易对手信用风险-21,信用风险,876543211,26.448631,0.024600001,2.92,64.33,85.49,876543211,1270200064,3.0984054,3.8227,http://www.sec.gov/cgi-bin/browse-edgar?action=getcompany&CIK=MKC
产险-战略-311,产险-行业政策变动风险-48,战略风险,54321.09,25.503536,0.024400001,11.32,243.53,317.9,54321.09,13845499904,8.020798,,http://www.sec.gov/cgi-bin/browse-edgar?action=getcompany&CIK=MCD
寿险-科技-312,寿险-网络安全风险-81,科技风险,10987654.32,30.736433,0.0047,19.35,464.42,637.51,10987654.32,4889999872,0.22865091,,http://www.sec.gov/cgi-bin/browse-edgar?action=getcompany&CIK=MCK
养老险-合规-313,养老险-违反监管规定风险-14,合规操作风险,765432.1,27.7737,0.032,3.27,75.96,93.08,765432.1,9013000192,3.5748405,2.3717747,http://www.sec.gov/cgi-bin/browse-edgar?action=getcompany&CIK=MDT
健康险-投资-314,健康险-市场波动风险-47,投资风险,321098765.4,20.67364,0.0327,4.78,94.48,134.63,321098765.4,22927998976,3.956992,5.6224394,http://www.sec.gov/cgi-bin/browse-edgar?action=getcompany&CIK=MRK
银行-产品-315,银行-产品设计缺陷风险-80,产品管理风险,987654.32,28.823923,0.003,23.91,414.5,705.2999,987654.32,79208996864,11.141612,10.5725155,http://www.sec.gov/cgi-bin/browse-edgar?action=getcompany&CIK=META
产险-资负-316,产险-流动性风险-37,资负风险,6543210.98,17.547668,0.0251,4.93,64.61,89.05,6543210.98,7036000256,0.83961165,1.9429533,http://www.sec.gov/cgi-bin/browse-edgar?action=getcompany&CIK=MET
寿险-渠道-317,寿险-代理人管理风险-61,渠道管理风险,210987.65,36.767445,,37.11,1133.46,1546.93,210987.65,1142445056,7.6532793,,http://www.sec.gov/cgi-bin/browse-edgar?action=getcompany&CIK=MTD
养老险-财务-318,养老险-偿付能力及流动性风险-94,偿付能力及流动性风险,8765432.1,12.358423,,2.79,31.61,48.25,8765432.1,2556987904,0.5961143,3.167371,http://www.sec.gov/cgi-bin/browse-edgar?action=getcompany&CIK=MGM
健康险-客户-319,健康险-客户信息安全风险-19,客户管理风险,543210.98,37.708332,0.033,1.44,53.98,100.57,543210.98,1950800000,5.3050323,4.646188,http://www.sec.gov/cgi-bin/browse-edgar?action=getcompany&CIK=MCHP
银行-保险-320,银行-理赔管理风险-53,保险风险,109876543.2,26.523254,0.0044,3.44,79.15,157.54,109876543.2,8944000000,4.10422,2.2420444,http://www.sec.gov/cgi-bin/browse-edgar?action=getcompany&CIK=MU
产险-信用-321,产险-债券投资违约风险-85,信用风险,7654321.09,33.44561,0.0075,12.41,385.58,468.35,7654321.09,1.36552E+11,12.138745,11.492731,http://www.sec.gov/cgi-bin/browse-edgar?action=getcompany&CIK=MSFT
寿险-战略-322,寿险-行业政策变动风险-11,战略风险,32109.87,34.44244,0.0399,4.43,121.51,167.39,32109.87,1247618048,8.38263,2.997937,http://www.sec.gov/cgi-bin/browse-edgar?action=getcompany&CIK=MAA
养老险-科技-323,养老险-信息系统故障风险-44,科技风险,9876543.21,,,-5.81,31.94,170.47,9876543.21,-2361999872,2.9855392,1.2724749,http://www.sec.gov/cgi-bin/browse-edgar?action=getcompany&CIK=MRNA
健康险-合规-324,健康险-内部控制失效风险-78,合规操作风险,654321.09,13.819209,,8.85,101.83,164.29,654321.09,1549473024,0.713996,0.9831348,http://www.sec.gov/cgi-bin/browse-edgar?action=getcompany&CIK=MHK
银行-投资-325,银行-利率风险-31,投资风险,210987654.3,15.7969475,,19.65,272.69,423.92,210987654.3,1814000000,0.4729238,3.7093112,http://www.sec.gov/cgi-bin/browse-edgar?action=getcompany&CIK=MOH
产险-产品-326,产险-产品定价风险-64,产品管理风险,876543.21,12.331081,0.0319,4.44,49.19,69.18,876543.21,2418400000,0.96613216,0.8471823,http://www.sec.gov/cgi-bin/browse-edgar?action=getcompany&CIK=TAP
寿险-资负-327,寿险-资本充足率风险-97,资负风险,5432109.87,20.563831,0.0322,2.82,55.97,77.2,5432109.87,7414000128,2.1449933,2.7839656,http://www.sec.gov/cgi-bin/browse-edgar?action=getcompany&CIK=MDLZ
养老险-渠道-328,养老险-银行代理渠道风险-28,渠道管理风险,109876.54,72.0192,0.007900001,8.85,546.71,959.64,109876.54,522235008,15.244774,13.2204275,http://www.sec.gov/cgi-bin/browse-edgar?action=getcompany&CIK=MPWR
健康险-财务-329,健康险-税务合规风险-60,税务及核算风险,7654321.09,31.22436,,1.56,43.32,61.23,7654321.09,2105284992,6.3922386,8.1961975,http://www.sec.gov/cgi-bin/browse-edgar?action=getcompany&CIK=MNST
银行-客户-330,银行-客户投诉处理风险-83,客户管理风险,321098.76,45.69442,0.0068,10.93,360.05,505.775,321098.76,3313999872,13.125582,23.179096,http://www.sec.gov/cgi-bin/browse-edgar?action=getcompany&CIK=MCO
产险-保险-331,产险-准备金评估风险-17,保险风险,98765432.1,17.412579,0.028299998,7.95,83.09,141.48,98765432.1,,3.8169074,2.376644,http://www.sec.gov/cgi-bin/browse-edgar?action=getcompany&CIK=MS
寿险-信用-332,寿险-应收保费风险-50,信用风险,654321.09,24.681416,0.0308,1.13,23.56,33.44,654321.09,1908199936,0.7732899,0.7507605,http://www.sec.gov/cgi-bin/browse-edgar?action=getcompany&CIK=MOS
养老险-战略-333,养老险-市场竞争加剧风险-73,战略风险,21098.76,51.45285,0.0092,9.12,314.84,507.82,21098.76,3152000000,7.3600683,59.0623,http://www.sec.gov/cgi-bin/browse-edgar?action=getcompany&CIK=MSI
健康险-科技-334,健康险-数据安全风险-6,科技风险,8765432.1,42.444523,0.010199999,14.06,439.95,642.45,8765432.1,1622592000,16.687202,,http://www.sec.gov/cgi-bin/browse-edgar?action=getcompany&CIK=MSCI
银行-合规-335,银行-违反监管规定风险-34,合规操作风险,543210.98,42.66321,0.0118,1.93,54.9,83.77,543210.98,2512000000,6.7444167,4.274294,http://www.sec.gov/cgi-bin/browse-edgar?action=getcompany&CIK=NDAQ
产险-投资-336,产险-流动性风险-67,投资风险,1098765432,22.527676,0.0164,5.42,83.8,135.45,1098765432,1582000000,3.8926866,21.948587,http://www.sec.gov/cgi-bin/browse-edgar?action=getcompany&CIK=NTAP
寿险-产品-337,寿险-产品销售误导风险-99,产品管理风险,765432.1,49.009533,,19.93,542.01,999,765432.1,9976898560,11.115886,18.376385,http://www.sec.gov/cgi-bin/browse-edgar?action=getcompany&CIK=NFLX
养老险-资负-338,养老险-资产负债结构失衡风险-24,资负风险,3210987.65,,0.0232,-2.17,29.42,58.72,3210987.65,6008999936,2.887844,1.6448483,http://www.sec.gov/cgi-bin/browse-edgar?action=getcompany&CIK=NEM
健康险-渠道-339,健康险-直销渠道风险-58,渠道管理风险,987654.32,45.35484,0.0071,0.62,22.65,30.04,987654.32,1270000000,1.6356583,1.9395779,http://www.sec.gov/cgi-bin/browse-edgar?action=getcompany&CIK=NWSA
银行-财务-340,银行-会计核算错误风险-90,税务及核算风险,6543210.98,51.048386,0.0063,0.62,23.99,32.87,6543210.98,1270000000,1.6359154,2.1830597,http://www.sec.gov/cgi-bin/browse-edgar?action=getcompany&CIK=NWS
产险-客户-341,产险-客户流失风险-13,客户管理风险,2109876.54,21.23442,0.0298,3.37,53.95,86.1,2109876.54,14577999872,5.6067963,2.9401371,http://www.sec.gov/cgi-bin/browse-edgar?action=getcompany&CIK=NEE
寿险-保险-342,寿险-退保风险-46,保险风险,87654321.09,24.18239,0.0208,3.18,70.32,107.43,87654321.09,7200999936,2.316641,8.0095825,http://www.sec.gov/cgi-bin/browse-edgar?action=getcompany&CIK=NKE
养老险-信用-343,养老险-贷款客户违约风险-79,信用风险,543210.98,22.743902,0.0297,1.64,24.8,38.83,543210.98,2324999936,3.291713,2.086013,http://www.sec.gov/cgi-bin/browse-edgar?action=getcompany&CIK=NI
健康险-战略-344,健康险-多元化战略执行风险-32,战略风险,109876.54,27.12069,0.0125,8.12,196.83,279.38,109876.54,818784000,4.71784,4.412607,http://www.sec.gov/cgi-bin/browse-edgar?action=getcompany&CIK=NDSN
银行-科技-345,银行-新技术应用风险-65,科技风险,7654321.09,22.065687,0.0214,11.57,206.71,277.6,7654321.09,5888000000,4.7469397,4.1899853,http://www.sec.gov/cgi-bin/browse-edgar?action=getcompany&CIK=NSC
产险-合规-346,产险-内部控制失效风险-92,合规操作风险,321098.76,11.493346,0.0274,9.77,76.67,113.91,321098.76,,2.8005333,1.8760651,http://www.sec.gov/cgi-bin/browse-edgar?action=getcompany&CIK=NTRS
寿险-投资-347,寿险-市场波动风险-3,投资风险,987654321.1,17.199787,0.0171,28.33,418.6,555.57,987654321.1,4457999872,1.7233319,4.8176346,http://www.sec.gov/cgi-bin/browse-edgar?action=getcompany&CIK=NOC
养老险-产品-348,养老险-产品设计缺陷风险-36,产品管理风险,654321.09,24.868422,,1.14,14.69,29.29,654321.09,2335180032,1.3322719,10.97986,http://www.sec.gov/cgi-bin/browse-edgar?action=getcompany&CIK=NCLH
健康险-资负-349,健康险-利率错配风险-70,资负风险,2109876.54,25.356436,0.0168,4.04,51.26,115.38,2109876.54,2192999936,0.7379921,11.226301,http://www.sec.gov/cgi-bin/browse-edgar?action=getcompany&CIK=NRG
银行-渠道-350,银行-银行代理渠道风险-96,渠道管理风险,876543.21,15.198816,0.018,8.45,112.25,203,876543.21,4940151808,0.96154976,1.4730237,http://www.sec.gov/cgi-bin/browse-edgar?action=getcompany&CIK=NUE
产险-财务-351,产险-费用及采购风险-27,费用及采购风险,543210.98,49.209015,0.0003,2.44,63.69,153.13,543210.98,61184000000,31.697422,68.84748,http://www.sec.gov/cgi-bin/browse-edgar?action=getcompany&CIK=NVDA
寿险-客户-352,寿险-客户投诉处理风险-60,客户管理风险,1098765.43,15.831615,,506.34,7129.1,9964.77,1098765.43,2071504000,2.4237614,5.751928,http://www.sec.gov/cgi-bin/browse-edgar?action=getcompany&CIK=NVR
养老险-保险-353,养老险-再保险风险-62,保险风险,76543210.98,19.937859,0.019199999,10.46,202.25,296.08,76543210.98,4640000000,4.100908,5.631768,http://www.sec.gov/cgi-bin/browse-edgar?action=getcompany&CIK=NXPI
健康险-信用-354,健康险-交易对手信用风险-95,信用风险,321098.76,32.079803,,40.35,947.49,1310.25,321098.76,3685244928,4.5441327,,http://www.sec.gov/cgi-bin/browse-edgar?action=getcompany&CIK=ORLY
银行-战略-355,银行-宏观经济下行风险-22,战略风险,98765.43,12.780822,0.018,3.65,45.17,71.19,98765.43,12931000320,1.6130635,1.6586077,http://www.sec.gov/cgi-bin/browse-edgar?action=getcompany&CIK=OXY
产险-科技-356,产险-信息系统故障风险-55,科技风险,6543210.98,32.449303,0.0056,5.72,165.49,233.26,6543210.98,1971409024,6.6886916,9.502868,http://www.sec.gov/cgi-bin/browse-edgar?action=getcompany&CIK=ODFL
寿险-合规-357,寿险-违反监管规定风险-88,合规操作风险,210987.65,11.856557,0.0324,7.32,81.42,107,210987.65,2420600064,1.1053154,4.285291,http://www.sec.gov/cgi-bin/browse-edgar?action=getcompany&CIK=OMC
养老险-投资-358,养老险-流动性风险-2,投资风险,876543211,12.987593,,4.03,51.955,85.16,876543211,2716600064,3.0206718,2.595329,http://www.sec.gov/cgi-bin/browse-edgar?action=getcompany&CIK=ON
健康险-产品-359,健康险-产品定价风险-35,产品管理风险,543210.98,20.586864,0.041300002,4.72,67.05,118.07,543210.98,5612000256,2.8417974,3.3613532,http://www.sec.gov/cgi-bin/browse-edgar?action=getcompany&CIK=OKE
银行-资负-360,银行-资本充足率风险-68,资负风险,10987654.32,41.57946,0.0083,4.09,106.51,198.31,10987654.32,21802999808,8.838633,53.833492,http://www.sec.gov/cgi-bin/browse-edgar?action=getcompany&CIK=ORCL
产险-渠道-361,产险-直销渠道风险-31,渠道管理风险,765432.1,23.444715,0.0163,4.07,89.29,106.33,765432.1,2507000064,2.6831317,,http://www.sec.gov/cgi-bin/browse-edgar?action=getcompany&CIK=OTIS
寿险-财务-362,寿险-税务合规风险-64,税务及核算风险,3210987.65,14.035442,0.012,7.9,90.04,125.5,3210987.65,5908100096,1.6692687,3.1146069,http://www.sec.gov/cgi-bin/browse-edgar?action=getcompany&CIK=PCAR
养老险-客户-363,养老险-客户流失风险-95,客户管理风险,987654.32,23.81411,0.021,8.93,159.57,250.82,987654.32,1624999936,2.3361073,4.4477444,http://www.sec.gov/cgi-bin/browse-edgar?action=getcompany&CIK=PKG
健康险-保险-364,健康险-退保风险-28,保险风险,65432109.87,412.44998,,0.2,16.145,85.22,65432109.87,397707008,71.009026,41.619576,http://www.sec.gov/cgi-bin/browse-edgar?action=getcompany&CIK=PLTR
银行-信用-365,银行-应收保费风险-56,信用风险,2109876.54,47.777203,,3.86,130.045,207.24,2109876.54,1094400000,15.075229,11.597283,http://www.sec.gov/cgi-bin/browse-edgar?action=getcompany&CIK=PANW
产险-战略-366,产险-市场竞争加剧风险-9,战略风险,87654.32,,0.0182,-9.06,9.54,14.55,87654.32,3124999936,0.26774442,0.436422,http://www.sec.gov/cgi-bin/browse-edgar?action=getcompany&CIK=PARA
寿险-科技-367,寿险-数据安全风险-42,科技风险,5432109.87,29.204874,0.0098,24.21,488.45,718.32,5432109.87,4962157056,4.553738,7.5323052,http://www.sec.gov/cgi-bin/browse-edgar?action=getcompany&CIK=PH
养老险-合规-368,养老险-内部控制失效风险-8,合规操作风险,109876.54,31.08842,0.028900001,4.75,114.72,150.71,109876.54,2358799872,10.011769,13.990525,http://www.sec.gov/cgi-bin/browse-edgar?action=getcompany&CIK=PAYX
健康险-投资-369,健康险-集中度风险-41,投资风险,765432109.9,24.977135,0.0073,8.31,139.5,242.74,765432109.9,667798016,6.561862,7.711112,http://www.sec.gov/cgi-bin/browse-edgar?action=getcompany&CIK=PAYC
银行-产品-370,银行-产品创新不足风险-74,产品管理风险,321098.76,21.396137,,4.14,55.77,93.66,321098.76,6120999936,2.854598,4.4170737,http://www.sec.gov/cgi-bin/browse-edgar?action=getcompany&CIK=PYPL
产险-资负-371,产险-利率错配风险-5,资负风险,9876543.21,25.92,0.0097,4,72.03,110.71,9876543.21,978700032,4.1839423,4.8963404,http://www.sec.gov/cgi-bin/browse-edgar?action=getcompany&CIK=PNR
寿险-渠道-372,寿险-直销渠道风险-93,渠道管理风险,654321.09,22.424109,0.0357,6.72,141.51,183.41,654321.09,16913000448,2.267252,10.635941,http://www.sec.gov/cgi-bin/browse-edgar?action=getcompany&CIK=PEP
养老险-财务-373,养老险-费用及采购风险-21,费用及采购风险,210987.65,35.36,0.0639,0.75,24.48,31.54,210987.65,18365999104,2.531176,1.6281925,http://www.sec.gov/cgi-bin/browse-edgar?action=getcompany&CIK=PFE
健康险-客户-374,健康险-洗钱风险-54,客户管理风险,876543.21,12.2265625,0.0064,1.28,15.32,21.72,876543.21,9317999616,1.3825941,1.2466146,http://www.sec.gov/cgi-bin/browse-edgar?action=getcompany&CIK=PCG
银行-保险-375,银行-核保政策风险-87,保险风险,54321098.76,20.699522,0.0414,6.29,87.82,134.15,54321098.76,15301000192,5.4391265,,http://www.sec.gov/cgi-bin/browse-edgar?action=getcompany&CIK=PM
产险-信用-376,产险-贷款客户违约风险-20,信用风险,109876543.2,15.05364,0.0381,7.83,108.91,174.08,109876543.2,5571999744,0.32949555,1.6948252,http://www.sec.gov/cgi-bin/browse-edgar?action=getcompany&CIK=PSX
寿险-战略-377,寿险-宏观经济下行风险-53,战略风险,76543.21,16.345863,0.041100003,5.32,65.2,95.42,76543.21,1978172032,1.969168,1.4934652,http://www.sec.gov/cgi-bin/browse-edgar?action=getcompany&CIK=PNW
养老险-科技-378,养老险-网络安全风险-17,科技风险,4321098.76,14.625182,0.0319,13.74,139.69,216.26,4321098.76,,3.8841798,1.6132269,http://www.sec.gov/cgi-bin/browse-edgar?action=getcompany&CIK=PNC
健康险-合规-379,健康险-违反监管规定风险-50,合规操作风险,98765.43,29.574741,0.0138,11.64,293.51,422.73,98765.43,679414976,2.4595037,9.151934,http://www.sec.gov/cgi-bin/browse-edgar?action=getcompany&CIK=POOL
银行-投资-380,银行-市场波动风险-74,投资风险,654321098.8,18.285261,0.0222,6.31,113,145.6,654321098.8,2870000128,1.4846455,3.4370997,http://www.sec.gov/cgi-bin/browse-edgar?action=getcompany&CIK=PPG
产险-产品-381,产险-产品设计缺陷风险-99,产品管理风险,210987.65,30.27027,0.0308,1.11,25.35,35.15,210987.65,3276000000,2.9939377,1.7590702,http://www.sec.gov/cgi-bin/browse-edgar?action=getcompany&CIK=PPL
寿险-资负-382,寿险-流动性风险-30,资负风险,8765432.1,,0.035,-0.74,72.21,91.98,8765432.1,-15100000,1.3406645,1.6823441,http://www.sec.gov/cgi-bin/browse-edgar?action=getcompany&CIK=PFG
养老险-渠道-383,养老险-代理人管理风险-63,渠道管理风险,543210.98,26.431528,0.0249,6.28,153.52,180.43,543210.98,24039999488,4.6388373,7.9057918,http://www.sec.gov/cgi-bin/browse-edgar?action=getcompany&CIK=PG
健康险-财务-384,健康险-偿付能力及流动性风险-96,偿付能力及流动性风险,10987654.32,17.11389,0.0199,14.4,179.68,270.62,10987654.32,10823199744,2.0062325,5.315446,http://www.sec.gov/cgi-bin/browse-edgar?action=getcompany&CIK=PGR
银行-客户-385,银行-客户信息安全风险-23,客户管理风险,765432.1,36.02719,0.0327,3.31,100.82,135.76,765432.1,5739131904,13.40497,2.0835154,http://www.sec.gov/cgi-bin/browse-edgar?action=getcompany&CIK=PLD
产险-保险-386,产险-理赔管理风险-57,保险风险,32109876.54,10.75334,0.0427,11.23,101.72,130.55,32109876.54,5557333504,0.58907205,1.4131414,http://www.sec.gov/cgi-bin/browse-edgar?action=getcompany&CIK=PRU
寿险-信用-387,寿险-债券投资违约风险-90,信用风险,9876543.21,62.21222,,3.11,163.3,203.09,9876543.21,698484992,10.131287,7.229924,http://www.sec.gov/cgi-bin/browse-edgar?action=getcompany&CIK=PTC
养老险-战略-388,养老险-行业政策变动风险-19,战略风险,65432.1,20.525799,0.0286,4.07,57.24,95.22,65432.1,4044999936,3.9905767,2.5848572,http://www.sec.gov/cgi-bin/browse-edgar?action=getcompany&CIK=PEG
健康险-科技-389,健康险-信息系统故障风险-53,科技风险,2109876.54,30.994808,0.0403,9.63,256.31,369.99,2109876.54,3353046016,11.128495,9.936417,http://www.sec.gov/cgi-bin/browse-edgar?action=getcompany&CIK=PSA
银行-合规-390,银行-内部控制失效风险-86,合规操作风险,876543.21,7.740136,0.0078,14.7,100.24,149.47,876543.21,3788722944,1.3473346,2.020672,http://www.sec.gov/cgi-bin/browse-edgar?action=getcompany&CIK=PHM
产险-投资-391,产险-利率风险-24,投资风险,543210987.7,296.35715,,0.28,64.54,130.99,543210987.7,673129984,1.9630218,2.2352118,http://www.sec.gov/cgi-bin/browse-edgar?action=getcompany&CIK=QRVO
寿险-产品-392,寿险-产品定价风险-56,产品管理风险,109876.54,19.235817,0.0198,8.99,139.26,230.63,109876.54,11959000064,4.906193,7.3256793,http://www.sec.gov/cgi-bin/browse-edgar?action=getcompany&CIK=QCOM
养老险-资负-393,养老险-资本充足率风险-89,资负风险,7654321.09,56.85952,0.0013,5.41,197.46,365.88,7654321.09,1868978048,1.9825476,6.4215183,http://www.sec.gov/cgi-bin/browse-edgar?action=getcompany&CIK=PWR
健康险-渠道-394,健康险-银行代理渠道风险-30,渠道管理风险,321098.76,21.23698,0.019299999,7.68,123.18,166.89,321098.76,1804999936,1.8913206,2.6827867,http://www.sec.gov/cgi-bin/browse-edgar?action=getcompany&CIK=DGX
银行-财务-395,银行-税务合规风险-63,税务及核算风险,9876543.21,23.780952,0.0128,10.5,143.27,260.77,9876543.21,1059800000,2.3005512,6.3490047,http://www.sec.gov/cgi-bin/browse-edgar?action=getcompany&CIK=RL
产险-客户-396,产险-客户投诉处理风险-93,客户管理风险,654321.09,16.453125,0.0116,10.24,104.24,174.32,654321.09,,2.6981065,3.1152117,http://www.sec.gov/cgi-bin/browse-edgar?action=getcompany&CIK=RJF
寿险-保险-397,寿险-准备金评估风险-27,保险风险,210987654.3,52.038097,0.0583,1.05,50.65,64.88,210987654.3,4485658112,9.536263,1.2434572,http://www.sec.gov/cgi-bin/browse-edgar?action=getcompany&CIK=O
养老险-信用-398,养老险-应收保费风险-60,信用风险,876543.21,33.88679,0.0392,2.12,56.51,76.53,876543.21,917937984,8.805218,1.987825,http://www.sec.gov/cgi-bin/browse-edgar?action=getcompany&CIK=REG
健康险-战略-399,健康险-市场竞争加剧风险-26,战略风险,54321.09,16.641443,,40.44,666.25,1211.2,54321.09,4598000128,5.3407407,2.4738271,http://www.sec.gov/cgi-bin/browse-edgar?action=getcompany&CIK=REGN
银行-科技-400,银行-数据安全风险-56,科技风险,10987654.32,12.766839,0.040799998,1.93,17.42,27.96,10987654.32,,3.4158645,1.3228109,http://www.sec.gov/cgi-bin/browse-edgar?action=getcompany&CIK=RF
产险-合规-401,产险-违反监管规定风险-83,合规操作风险,765432.1,34.6992,0.0106,6.25,171.06,220.58,765432.1,4804800000,4.2935257,6.05106,http://www.sec.gov/cgi-bin/browse-edgar?action=getcompany&CIK=RSG
寿险-投资-402,寿险-流动性风险-13,投资风险,321098765.4,27.851416,0.0082,8.48,170.56,260.49,321098765.4,1632185984,7.2117286,6.672882,http://www.sec.gov/cgi-bin/browse-edgar?action=getcompany&CIK=RMD
养老险-产品-403,养老险-产品销售误导风险-46,产品管理风险,987654.32,60.349285,0.0022,2.09,97.32,129.5,987654.32,788105984,5.6402583,1.9439306,http://www.sec.gov/cgi-bin/browse-edgar?action=getcompany&CIK=RVTY
